  0
SECTION
  2
HEADER
  9
$ACADVER
  1
AC1027
  9
$ACADMAINTVER
 70
   105
  9
$DWGCODEPAGE
  3
ANSI_1252
  9
$LASTSAVEDBY
  1
202393
  9
$REQUIREDVERSIONS
160
                 0
  9
$INSBASE
 10
0.0
 20
0.0
 30
0.0
  9
$EXTMIN
 10
0.0
 20
0.0
 30
0.0
  9
$EXTMAX
 10
287.251312
 20
255.898911
 30
2.0
  9
$LIMMIN
 10
0.0
 20
0.0
  9
$LIMMAX
 10
420.0
 20
297.0
  9
$ORTHOMODE
 70
     0
  9
$REGENMODE
 70
     1
  9
$FILLMODE
 70
     1
  9
$QTEXTMODE
 70
     0
  9
$MIRRTEXT
 70
     1
  9
$LTSCALE
 40
1.0
  9
$ATTMODE
 70
     1
  9
$TEXTSIZE
 40
2.5
  9
$TRACEWID
 40
1.0
  9
$TEXTSTYLE
  7
Standard
  9
$CLAYER
  8
0
  9
$CELTYPE
  6
ByLayer
  9
$CECOLOR
 62
   256
  9
$CELTSCALE
 40
1.0
  9
$DISPSILH
 70
     0
  9
$DIMSCALE
 40
1.0
  9
$DIMASZ
 40
2.5
  9
$DIMEXO
 40
0.625
  9
$DIMDLI
 40
3.75
  9
$DIMRND
 40
0.0
  9
$DIMDLE
 40
0.0
  9
$DIMEXE
 40
1.25
  9
$DIMTP
 40
0.0
  9
$DIMTM
 40
0.0
  9
$DIMTXT
 40
2.5
  9
$DIMCEN
 40
2.5
  9
$DIMTSZ
 40
0.0
  9
$DIMTOL
 70
     0
  9
$DIMLIM
 70
     0
  9
$DIMTIH
 70
     0
  9
$DIMTOH
 70
     0
  9
$DIMSE1
 70
     0
  9
$DIMSE2
 70
     0
  9
$DIMTAD
 70
     1
  9
$DIMZIN
 70
     8
  9
$DIMBLK
  1

  9
$DIMASO
 70
     1
  9
$DIMSHO
 70
     1
  9
$DIMPOST
  1

  9
$DIMAPOST
  1

  9
$DIMALT
 70
     0
  9
$DIMALTD
 70
     3
  9
$DIMALTF
 40
0.03937
  9
$DIMLFAC
 40
1.0
  9
$DIMTOFL
 70
     1
  9
$DIMTVP
 40
0.0
  9
$DIMTIX
 70
     0
  9
$DIMSOXD
 70
     0
  9
$DIMSAH
 70
     0
  9
$DIMBLK1
  1

  9
$DIMBLK2
  1

  9
$DIMSTYLE
  2
Standard
  9
$DIMCLRD
 70
     0
  9
$DIMCLRE
 70
     0
  9
$DIMCLRT
 70
     0
  9
$DIMTFAC
 40
1.0
  9
$DIMGAP
 40
0.625
  9
$DIMJUST
 70
     0
  9
$DIMSD1
 70
     0
  9
$DIMSD2
 70
     0
  9
$DIMTOLJ
 70
     0
  9
$DIMTZIN
 70
     8
  9
$DIMALTZ
 70
     0
  9
$DIMALTTZ
 70
     0
  9
$DIMUPT
 70
     0
  9
$DIMDEC
 70
     2
  9
$DIMTDEC
 70
     2
  9
$DIMALTU
 70
     2
  9
$DIMALTTD
 70
     3
  9
$DIMTXSTY
  7
Standard
  9
$DIMAUNIT
 70
     0
  9
$DIMADEC
 70
     0
  9
$DIMALTRND
 40
0.0
  9
$DIMAZIN
 70
     0
  9
$DIMDSEP
 70
    44
  9
$DIMATFIT
 70
     0
  9
$DIMFRAC
 70
     0
  9
$DIMLDRBLK
  1

  9
$DIMLUNIT
 70
     2
  9
$DIMLWD
 70
    -2
  9
$DIMLWE
 70
    -2
  9
$DIMTMOVE
 70
     0
  9
$DIMFXL
 40
1.0
  9
$DIMFXLON
 70
     0
  9
$DIMJOGANG
 40
0.785398
  9
$DIMTFILL
 70
     0
  9
$DIMTFILLCLR
 70
     0
  9
$DIMARCSYM
 70
     0
  9
$DIMLTYPE
  6

  9
$DIMLTEX1
  6

  9
$DIMLTEX2
  6

  9
$DIMTXTDIRECTION
 70
     0
  9
$LUNITS
 70
     2
  9
$LUPREC
 70
     4
  9
$SKETCHINC
 40
1.0
  9
$FILLETRAD
 40
2.5
  9
$AUNITS
 70
     0
  9
$AUPREC
 70
     0
  9
$MENU
  1
.
  9
$ELEVATION
 40
0.0
  9
$PELEVATION
 40
0.0
  9
$THICKNESS
 40
0.0
  9
$LIMCHECK
 70
     0
  9
$CHAMFERA
 40
2.5
  9
$CHAMFERB
 40
2.5
  9
$CHAMFERC
 40
0.0
  9
$CHAMFERD
 40
0.0
  9
$SKPOLY
 70
     0
  9
$TDCREATE
 40
2447892.75
  9
$TDUCREATE
 40
0.0
  9
$TDUPDATE
 40
2461315.775806933
  9
$TDUUPDATE
 40
2461316.025806933
  9
$TDINDWG
 40
0.0
  9
$TDUSRTIMER
 40
0.0
  9
$USRTIMER
 70
     1
  9
$ANGBASE
 50
0.0
  9
$ANGDIR
 70
     0
  9
$PDMODE
 70
     0
  9
$PDSIZE
 40
0.0
  9
$PLINEWID
 40
0.0
  9
$SPLFRAME
 70
     0
  9
$SPLINETYPE
 70
     6
  9
$SPLINESEGS
 70
     8
  9
$HANDSEED
  5
42D
  9
$SURFTAB1
 70
     6
  9
$SURFTAB2
 70
     6
  9
$SURFTYPE
 70
     6
  9
$SURFU
 70
     6
  9
$SURFV
 70
     6
  9
$UCSBASE
  2

  9
$UCSNAME
  2

  9
$UCSORG
 10
0.0
 20
0.0
 30
0.0
  9
$UCSXDIR
 10
1.0
 20
0.0
 30
0.0
  9
$UCSYDIR
 10
0.0
 20
1.0
 30
0.0
  9
$UCSORTHOREF
  2

  9
$UCSORTHOVIEW
 70
     1
  9
$UCSORGTOP
 10
0.0
 20
0.0
 30
0.0
  9
$UCSORGBOTTOM
 10
0.0
 20
0.0
 30
0.0
  9
$UCSORGLEFT
 10
0.0
 20
0.0
 30
0.0
  9
$UCSORGRIGHT
 10
0.0
 20
0.0
 30
0.0
  9
$UCSORGFRONT
 10
0.0
 20
0.0
 30
0.0
  9
$UCSORGBACK
 10
0.0
 20
0.0
 30
0.0
  9
$PUCSBASE
  2

  9
$PUCSNAME
  2

  9
$PUCSORG
 10
0.0
 20
0.0
 30
0.0
  9
$PUCSXDIR
 10
1.0
 20
0.0
 30
0.0
  9
$PUCSYDIR
 10
0.0
 20
1.0
 30
0.0
  9
$PUCSORTHOREF
  2

  9
$PUCSORTHOVIEW
 70
     0
  9
$PUCSORGTOP
 10
0.0
 20
0.0
 30
0.0
  9
$PUCSORGBOTTOM
 10
0.0
 20
0.0
 30
0.0
  9
$PUCSORGLEFT
 10
0.0
 20
0.0
 30
0.0
  9
$PUCSORGRIGHT
 10
0.0
 20
0.0
 30
0.0
  9
$PUCSORGFRONT
 10
0.0
 20
0.0
 30
0.0
  9
$PUCSORGBACK
 10
0.0
 20
0.0
 30
0.0
  9
$USERI1
 70
     0
  9
$USERI2
 70
     0
  9
$USERI3
 70
     0
  9
$USERI4
 70
     0
  9
$USERI5
 70
     0
  9
$USERR1
 40
0.0
  9
$USERR2
 40
0.0
  9
$USERR3
 40
0.0
  9
$USERR4
 40
0.0
  9
$USERR5
 40
0.0
  9
$WORLDVIEW
 70
     1
  9
$SHADEDGE
 70
     3
  9
$SHADEDIF
 70
    70
  9
$TILEMODE
 70
     1
  9
$MAXACTVP
 70
    64
  9
$PINSBASE
 10
0.0
 20
0.0
 30
0.0
  9
$PLIMCHECK
 70
     0
  9
$PEXTMIN
 10
0.0
 20
0.0
 30
0.0
  9
$PEXTMAX
 10
287.251312
 20
255.898911
 30
2.0
  9
$PLIMMIN
 10
0.0
 20
0.0
  9
$PLIMMAX
 10
420.0
 20
297.0
  9
$UNITMODE
 70
     0
  9
$VISRETAIN
 70
     0
  9
$PLINEGEN
 70
     0
  9
$PSLTSCALE
 70
     1
  9
$TREEDEPTH
 70
  3020
  9
$CMLSTYLE
  2
Standard
  9
$CMLJUST
 70
     0
  9
$CMLSCALE
 40
20.0
  9
$PROXYGRAPHICS
 70
     1
  9
$MEASUREMENT
 70
     1
  9
$CELWEIGHT
370
    -1
  9
$ENDCAPS
280
     0
  9
$JOINSTYLE
280
     0
  9
$LWDISPLAY
290
     0
  9
$INSUNITS
 70
     4
  9
$HYPERLINKBASE
  1

  9
$STYLESHEET
  1

  9
$XEDIT
290
     1
  9
$CEPSNTYPE
380
     0
  9
$PSTYLEMODE
290
     0
  9
$FINGERPRINTGUID
  2
{a43d85d1-79c7-4c8b-a67f-e4b8395928b9}
  9
$VERSIONGUID
  2
{FAEB1C32-E019-11D5-929B-00C0DF256EC4}
  9
$EXTNAMES
290
     1
  9
$PSVPSCALE
 40
0.0
  9
$OLESTARTUP
290
     0
  9
$SORTENTS
280
     0
  9
$INDEXCTL
280
     0
  9
$HIDETEXT
280
     0
  9
$XCLIPFRAME
280
     0
  9
$HALOGAP
280
     0
  9
$OBSCOLOR
 70
     0
  9
$OBSLTYPE
280
     0
  9
$INTERSECTIONDISPLAY
280
     0
  9
$INTERSECTIONCOLOR
 70
     0
  9
$DIMASSOC
280
     0
  9
$PROJECTNAME
  1

  9
$CAMERADISPLAY
290
     0
  9
$LENSLENGTH
 40
50.0
  9
$CAMERAHEIGHT
 40
0.0
  9
$STEPSPERSEC
 40
2.0
  9
$STEPSIZE
 40
6.0
  9
$3DDWFPREC
 40
2.0
  9
$PSOLWIDTH
 40
0.25
  9
$PSOLHEIGHT
 40
4.0
  9
$LOFTANG1
 40
1.570796
  9
$LOFTANG2
 40
1.570796
  9
$LOFTMAG1
 40
0.0
  9
$LOFTMAG2
 40
0.0
  9
$LOFTPARAM
 70
     7
  9
$LOFTNORMALS
280
     1
  9
$LATITUDE
 40
37.795
  9
$LONGITUDE
 40
-122.394
  9
$NORTHDIRECTION
 40
0.0
  9
$TIMEZONE
 70
 -8000
  9
$LIGHTGLYPHDISPLAY
280
     1
  9
$TILEMODELIGHTSYNCH
280
     1
  9
$CMATERIAL
347
44
  9
$SOLIDHIST
280
     0
  9
$SHOWHIST
280
     1
  9
$DWFFRAME
280
     2
  9
$DGNFRAME
280
     2
  9
$REALWORLDSCALE
290
     1
  9
$INTERFERECOLOR
 62
   256
  9
$CSHADOW
280
     0
  9
$SHADOWPLANELOCATION
 40
0.0
  0
ENDSEC
  0
SECTION
  2
CLASSES
  0
CLASS
  1
ACDBDICTIONARYWDFLT
  2
AcDbDictionaryWithDefault
  3
ObjectDBX Classes
 90
        0
 91
        3
280
     0
281
     0
  0
CLASS
  1
VISUALSTYLE
  2
AcDbVisualStyle
  3
ObjectDBX Classes
 90
     4095
 91
        3
280
     0
281
     0
  0
CLASS
  1
MATERIAL
  2
AcDbMaterial
  3
ObjectDBX Classes
 90
     1153
 91
        3
280
     0
281
     0
  0
CLASS
  1
SCALE
  2
AcDbScale
  3
ObjectDBX Classes
 90
     1153
 91
        3
280
     0
281
     0
  0
CLASS
  1
TABLESTYLE
  2
AcDbTableStyle
  3
ObjectDBX Classes
 90
     4095
 91
        3
280
     0
281
     0
  0
CLASS
  1
MLEADERSTYLE
  2
AcDbMLeaderStyle
  3
ACDB_MLEADERSTYLE_CLASS
 90
     4095
 91
        3
280
     0
281
     0
  0
CLASS
  1
SUN
  2
AcDbSun
  3
SCENEOE
 90
     1153
 91
        3
280
     0
281
     0
  0
CLASS
  1
DICTIONARYVAR
  2
AcDbDictionaryVar
  3
ObjectDBX Classes
 90
        0
 91
        3
280
     0
281
     0
  0
CLASS
  1
CELLSTYLEMAP
  2
AcDbCellStyleMap
  3
ObjectDBX Classes
 90
     1152
 91
        3
280
     0
281
     0
  0
ENDSEC
  0
SECTION
  2
TABLES
  0
TABLE
  2
VPORT
  5
8
330
0
100
AcDbSymbolTable
 70
     1
  0
VPORT
  5
29
330
8
100
AcDbSymbolTableRecord
100
AcDbViewportTableRecord
  2
*Active
 70
     0
 10
0.0
 20
0.0
 11
1.0
 21
1.0
 12
10.429907
 22
4.5
 13
0.0
 23
0.0
 14
0.5
 24
0.5
 15
0.5
 25
0.5
 16
0.0
 26
0.0
 36
1.0
 17
0.0
 27
0.0
 37
0.0
 40
9.0
 41
1.972973
 42
50.0
 43
0.0
 44
0.0
 50
0.0
 51
0.0
 71
     0
 72
   100
 73
     1
 74
     3
 75
     0
 76
     0
 77
     0
 78
     0
281
     0
 65
     1
110
0.0
120
0.0
130
0.0
111
1.0
121
0.0
131
0.0
112
0.0
122
1.0
132
0.0
 79
     0
146
0.0
348
2F
 60
     3
 61
     5
292
     1
282
     1
141
0.0
142
0.0
 63
   250
361
6D
  0
ENDTAB
  0
TABLE
  2
LTYPE
  5
5
330
0
100
AcDbSymbolTable
 70
     1
  0
LTYPE
  5
14
330
5
100
AcDbSymbolTableRecord
100
AcDbLinetypeTableRecord
  2
ByBlock
 70
     0
  3

 72
    65
 73
     0
 40
0.0
  0
LTYPE
  5
15
330
5
100
AcDbSymbolTableRecord
100
AcDbLinetypeTableRecord
  2
ByLayer
 70
     0
  3

 72
    65
 73
     0
 40
0.0
  0
LTYPE
  5
16
330
5
100
AcDbSymbolTableRecord
100
AcDbLinetypeTableRecord
  2
Continuous
 70
     0
  3
Solid line
 72
    65
 73
     0
 40
0.0
  0
ENDTAB
  0
TABLE
  2
LAYER
  5
2
330
0
100
AcDbSymbolTable
 70
     1
  0
LAYER
  5
10
330
2
100
AcDbSymbolTableRecord
100
AcDbLayerTableRecord
  2
0
 70
     0
 62
     7
  6
Continuous
370
    -3
390
F
347
46
348
0
  0
ENDTAB
  0
TABLE
  2
STYLE
  5
3
330
0
100
AcDbSymbolTable
 70
     1
  0
STYLE
  5
11
330
3
100
AcDbSymbolTableRecord
100
AcDbTextStyleTableRecord
  2
Standard
 70
     0
 40
0.0
 41
1.0
 50
0.0
 71
     0
 42
2.5
  3
txt
  4

  0
ENDTAB
  0
TABLE
  2
VIEW
  5
6
330
0
100
AcDbSymbolTable
 70
     0
  0
ENDTAB
  0
TABLE
  2
UCS
  5
7
330
0
100
AcDbSymbolTable
 70
     0
  0
ENDTAB
  0
TABLE
  2
APPID
  5
9
330
0
100
AcDbSymbolTable
 70
     1
  0
APPID
  5
12
330
9
100
AcDbSymbolTableRecord
100
AcDbRegAppTableRecord
  2
ACAD
 70
     0
  0
ENDTAB
  0
TABLE
  2
DIMSTYLE
  5
A
330
0
100
AcDbSymbolTable
 70
     1
100
AcDbDimStyleTable
  0
DIMSTYLE
105
27
330
A
100
AcDbSymbolTableRecord
100
AcDbDimStyleTableRecord
  2
Standard
 70
     0
178
     0
340
11
  0
ENDTAB
  0
TABLE
  2
BLOCK_RECORD
  5
1
330
0
100
AcDbSymbolTable
 70
     1
  0
BLOCK_RECORD
  5
1F
330
1
100
AcDbSymbolTableRecord
100
AcDbBlockTableRecord
  2
*Model_Space
340
22
 70
     0
280
     1
281
     0
  0
BLOCK_RECORD
  5
1B
330
1
100
AcDbSymbolTableRecord
100
AcDbBlockTableRecord
  2
*Paper_Space
340
1E
 70
     0
280
     1
281
     0
  0
BLOCK_RECORD
  5
23
330
1
100
AcDbSymbolTableRecord
100
AcDbBlockTableRecord
  2
*Paper_Space0
340
26
 70
     0
280
     1
281
     0
  0
ENDTAB
  0
ENDSEC
  0
SECTION
  2
BLOCKS
  0
BLOCK
  5
20
330
1F
100
AcDbEntity
  8
0
100
AcDbBlockBegin
  2
*Model_Space
 70
     0
 10
0.0
 20
0.0
 30
0.0
  3
*Model_Space
  1

  0
ENDBLK
  5
21
330
1F
100
AcDbEntity
  8
0
100
AcDbBlockEnd
  0
BLOCK
  5
1C
330
1B
100
AcDbEntity
 67
     1
  8
0
100
AcDbBlockBegin
  2
*Paper_Space
 70
     0
 10
0.0
 20
0.0
 30
0.0
  3
*Paper_Space
  1

  0
ENDBLK
  5
1D
330
1B
100
AcDbEntity
 67
     1
  8
0
100
AcDbBlockEnd
  0
BLOCK
  5
24
330
23
100
AcDbEntity
  8
0
100
AcDbBlockBegin
  2
*Paper_Space0
 70
     0
 10
0.0
 20
0.0
 30
0.0
  3
*Paper_Space0
  1

  0
ENDBLK
  5
25
330
23
100
AcDbEntity
  8
0
100
AcDbBlockEnd
  0
ENDSEC
  0
SECTION
  2
ENTITIES
  0
LINE
  5
6E
330
1F
100
AcDbEntity
  8
0
 62
     7
370
    35
100
AcDbLine
 10
216.781876
 20
164.83667
 30
0.0
 11
218.037964
 21
159.295105
 31
0.0
  0
LINE
  5
6F
330
1F
100
AcDbEntity
  8
0
 62
     7
370
    35
100
AcDbLine
 10
217.890198
 20
160.255615
 30
0.0
 11
218.40741
 21
156.48735
 31
0.0
  0
LINE
  5
70
330
1F
100
AcDbEntity
  8
0
 62
     7
370
    35
100
AcDbLine
 10
218.40741
 20
156.48735
 30
0.0
 11
219.220169
 21
150.576355
 31
0.0
  0
LINE
  5
71
330
1F
100
AcDbEntity
  8
0
 62
     7
370
    35
100
AcDbLine
 10
219.220169
 20
150.576355
 30
0.0
 11
219.959045
 21
143.335373
 31
0.0
  0
LINE
  5
72
330
1F
100
AcDbEntity
  8
0
 62
     7
370
    35
100
AcDbLine
 10
219.959045
 20
143.335373
 30
0.0
 11
220.402374
 21
138.828232
 31
0.0
  0
LINE
  5
73
330
1F
100
AcDbEntity
  8
0
 62
     7
370
    35
100
AcDbLine
 10
220.402374
 20
138.828232
 30
0.0
 11
221.141251
 21
132.400009
 31
0.0
  0
LINE
  5
74
330
1F
100
AcDbEntity
  8
0
 62
     7
370
    35
100
AcDbLine
 10
221.141251
 20
132.400009
 30
0.0
 11
221.584564
 21
130.18338
 31
0.0
  0
LINE
  5
75
330
1F
100
AcDbEntity
  8
0
 62
     7
370
    35
100
AcDbLine
 10
221.584564
 20
130.18338
 30
0.0
 11
223.062317
 21
128.41008
 31
0.0
  0
LINE
  5
76
330
1F
100
AcDbEntity
  8
0
 62
     7
370
    35
100
AcDbLine
 10
223.062317
 20
128.41008
 30
0.0
 11
223.875092
 21
127.227875
 31
0.0
  0
LINE
  5
77
330
1F
100
AcDbEntity
  8
0
 62
     7
370
    35
100
AcDbLine
 10
223.875092
 20
127.227875
 30
0.0
 11
223.579529
 21
122.646851
 31
0.0
  0
LINE
  5
78
330
1F
100
AcDbEntity
  8
0
 62
     7
370
    35
100
AcDbLine
 10
223.579529
 20
122.646851
 30
0.0
 11
223.948975
 21
114.667
 31
0.0
  0
LINE
  5
79
330
1F
100
AcDbEntity
  8
0
 62
     7
370
    35
100
AcDbLine
 10
223.948975
 20
114.667
 30
0.0
 11
224.687851
 21
104.913849
 31
0.0
  0
LINE
  5
7A
330
1F
100
AcDbEntity
  8
0
 62
     7
370
    35
100
AcDbLine
 10
224.687851
 20
104.913849
 30
0.0
 11
224.909515
 21
96.269005
 31
0.0
  0
LINE
  5
7B
330
1F
100
AcDbEntity
  8
0
 62
     7
370
    35
100
AcDbLine
 10
224.909515
 20
96.269005
 30
0.0
 11
224.096741
 21
80.087646
 31
0.0
  0
LINE
  5
7C
330
1F
100
AcDbEntity
  8
0
 62
     7
370
    35
100
AcDbLine
 10
224.096741
 20
80.087646
 30
0.0
 11
223.283981
 21
76.245499
 31
0.0
  0
LINE
  5
7D
330
1F
100
AcDbEntity
  8
0
 62
     7
370
    35
100
AcDbLine
 10
223.283981
 20
76.245499
 30
0.0
 11
221.510681
 21
72.772781
 31
0.0
  0
LINE
  5
7E
330
1F
100
AcDbEntity
  8
0
 62
     7
370
    35
100
AcDbLine
 10
221.510681
 20
72.772781
 30
0.0
 11
218.77684
 21
70.925591
 31
0.0
  0
LINE
  5
7F
330
1F
100
AcDbEntity
  8
0
 62
     7
370
    35
100
AcDbLine
 10
218.77684
 20
70.925591
 30
0.0
 11
214.786911
 21
69.373955
 31
0.0
  0
LINE
  5
80
330
1F
100
AcDbEntity
  8
0
 62
     7
370
    35
100
AcDbLine
 10
214.786911
 20
69.373955
 30
0.0
 11
207.545944
 21
66.861778
 31
0.0
  0
LINE
  5
81
330
1F
100
AcDbEntity
  8
0
 62
     7
370
    35
100
AcDbLine
 10
207.545944
 20
66.861778
 30
0.0
 11
199.861633
 21
64.275719
 31
0.0
  0
LINE
  5
82
330
1F
100
AcDbEntity
  8
0
 62
     7
370
    35
100
AcDbLine
 10
199.861633
 20
64.275719
 30
0.0
 11
190.773468
 21
61.689655
 31
0.0
  0
LINE
  5
83
330
1F
100
AcDbEntity
  8
0
 62
     7
370
    35
100
AcDbLine
 10
190.773468
 20
61.689655
 30
0.0
 11
182.054749
 21
59.399139
 31
0.0
  0
LINE
  5
84
330
1F
100
AcDbEntity
  8
0
 62
     7
370
    35
100
AcDbLine
 10
182.054749
 20
59.399139
 30
0.0
 11
174.961533
 21
57.995277
 31
0.0
  0
LINE
  5
85
330
1F
100
AcDbEntity
  8
0
 62
     7
370
    35
100
AcDbLine
 10
174.961533
 20
57.995277
 30
0.0
 11
169.12442
 21
57.03474
 31
0.0
  0
LINE
  5
86
330
1F
100
AcDbEntity
  8
0
 62
     7
370
    35
100
AcDbLine
 10
169.12442
 20
57.03474
 30
0.0
 11
163.80452
 21
56.369751
 31
0.0
  0
LINE
  5
87
330
1F
100
AcDbEntity
  8
0
 62
     7
370
    35
100
AcDbLine
 10
163.80452
 20
56.369751
 30
0.0
 11
160.184021
 21
56.813076
 31
0.0
  0
LINE
  5
88
330
1F
100
AcDbEntity
  8
0
 62
     7
370
    35
100
AcDbLine
 10
160.184021
 20
56.813076
 30
0.0
 11
157.524078
 21
58.660267
 31
0.0
  0
LINE
  5
89
330
1F
100
AcDbEntity
  8
0
 62
     7
370
    35
100
AcDbLine
 10
157.524078
 20
58.660267
 30
0.0
 11
156.415771
 21
61.320217
 31
0.0
  0
LINE
  5
8A
330
1F
100
AcDbEntity
  8
0
 62
     7
370
    35
100
AcDbLine
 10
156.415771
 20
61.320217
 30
0.0
 11
155.676895
 21
68.487305
 31
0.0
  0
LINE
  5
8B
330
1F
100
AcDbEntity
  8
0
 62
     7
370
    35
100
AcDbLine
 10
155.676895
 20
68.487305
 30
0.0
 11
155.159683
 21
74.98941
 31
0.0
  0
LINE
  5
8C
330
1F
100
AcDbEntity
  8
0
 62
     7
370
    35
100
AcDbLine
 10
155.159683
 20
74.98941
 30
0.0
 11
154.642456
 21
85.333664
 31
0.0
  0
LINE
  5
8D
330
1F
100
AcDbEntity
  8
0
 62
     7
370
    35
100
AcDbLine
 10
154.642456
 20
85.333664
 30
0.0
 11
154.49469
 21
96.786224
 31
0.0
  0
LINE
  5
8E
330
1F
100
AcDbEntity
  8
0
 62
     7
370
    35
100
AcDbLine
 10
154.49469
 20
96.786224
 30
0.0
 11
154.420807
 21
102.918892
 31
0.0
  0
LINE
  5
8F
330
1F
100
AcDbEntity
  8
0
 62
     7
370
    35
100
AcDbLine
 10
154.420807
 20
102.918892
 30
0.0
 11
155.011902
 21
111.859276
 31
0.0
  0
LINE
  5
90
330
1F
100
AcDbEntity
  8
0
 62
     7
370
    35
100
AcDbLine
 10
155.011902
 20
111.859276
 30
0.0
 11
156.194107
 21
117.770279
 31
0.0
  0
LINE
  5
91
330
1F
100
AcDbEntity
  8
0
 62
     7
370
    35
100
AcDbLine
 10
156.194107
 20
117.770279
 30
0.0
 11
158.484619
 21
119.543579
 31
0.0
  0
LINE
  5
92
330
1F
100
AcDbEntity
  8
0
 62
     7
370
    35
100
AcDbLine
 10
158.484619
 20
119.543579
 30
0.0
 11
180.429214
 21
122.572968
 31
0.0
  0
LINE
  5
93
330
1F
100
AcDbEntity
  8
0
 62
     7
370
    35
100
AcDbLine
 10
180.429214
 20
122.572968
 30
0.0
 11
213.900269
 21
129.59227
 31
0.0
  0
LINE
  5
94
330
1F
100
AcDbEntity
  8
0
 62
     7
370
    35
100
AcDbLine
 10
213.900269
 20
129.59227
 30
0.0
 11
220.18071
 21
130.848358
 31
0.0
  0
LINE
  5
95
330
1F
100
AcDbEntity
  8
0
 62
     7
370
    35
100
AcDbLine
 10
220.18071
 20
130.848358
 30
0.0
 11
222.249557
 21
129.961716
 31
0.0
  0
LINE
  5
96
330
1F
100
AcDbEntity
  8
0
 62
     7
370
    35
100
AcDbLine
 10
222.249557
 20
129.961716
 30
0.0
 11
223.062317
 21
128.927292
 31
0.0
  0
LINE
  5
97
330
1F
100
AcDbEntity
  8
0
 62
     7
370
    35
100
AcDbLine
 10
223.062317
 20
128.927292
 30
0.0
 11
223.72731
 21
125.011246
 31
0.0
  0
LINE
  5
98
330
1F
100
AcDbEntity
  8
0
 62
     7
370
    35
100
AcDbLine
 10
223.72731
 20
125.011246
 30
0.0
 11
223.505646
 21
121.538536
 31
0.0
  0
LINE
  5
99
330
1F
100
AcDbEntity
  8
0
 62
     7
370
    35
100
AcDbLine
 10
223.505646
 20
121.538536
 30
0.0
 11
220.771805
 21
120.577995
 31
0.0
  0
LINE
  5
9A
330
1F
100
AcDbEntity
  8
0
 62
     7
370
    35
100
AcDbLine
 10
220.771805
 20
120.577995
 30
0.0
 11
213.678604
 21
118.361374
 31
0.0
  0
LINE
  5
9B
330
1F
100
AcDbEntity
  8
0
 62
     7
370
    35
100
AcDbLine
 10
213.678604
 20
118.361374
 30
0.0
 11
195.502274
 21
113.780342
 31
0.0
  0
LINE
  5
9C
330
1F
100
AcDbEntity
  8
0
 62
     7
370
    35
100
AcDbLine
 10
195.502274
 20
113.780342
 30
0.0
 11
184.936356
 21
112.007042
 31
0.0
  0
LINE
  5
9D
330
1F
100
AcDbEntity
  8
0
 62
     7
370
    35
100
AcDbLine
 10
184.936356
 20
112.007042
 30
0.0
 11
173.705444
 21
110.455406
 31
0.0
  0
LINE
  5
9E
330
1F
100
AcDbEntity
  8
0
 62
     7
370
    35
100
AcDbLine
 10
173.705444
 20
110.455406
 30
0.0
 11
161.366226
 21
109.125427
 31
0.0
  0
LINE
  5
9F
330
1F
100
AcDbEntity
  8
0
 62
     7
370
    35
100
AcDbLine
 10
161.366226
 20
109.125427
 30
0.0
 11
157.228531
 21
109.494865
 31
0.0
  0
LINE
  5
A0
330
1F
100
AcDbEntity
  8
0
 62
     7
370
    35
100
AcDbLine
 10
157.228531
 20
109.494865
 30
0.0
 11
154.790237
 21
110.307632
 31
0.0
  0
LINE
  5
A1
330
1F
100
AcDbEntity
  8
0
 62
     7
370
    35
100
AcDbLine
 10
154.790237
 20
110.307632
 30
0.0
 11
154.716354
 21
107.869347
 31
0.0
  0
LINE
  5
A2
330
1F
100
AcDbEntity
  8
0
 62
     7
370
    35
100
AcDbLine
 10
154.716354
 20
107.869347
 30
0.0
 11
156.489655
 21
107.573799
 31
0.0
  0
LINE
  5
A3
330
1F
100
AcDbEntity
  8
0
 62
     7
370
    35
100
AcDbLine
 10
156.489655
 20
107.573799
 30
0.0
 11
156.932983
 21
107.795456
 31
0.0
  0
LINE
  5
A4
330
1F
100
AcDbEntity
  8
0
 62
     7
370
    35
100
AcDbLine
 10
156.932983
 20
107.795456
 30
0.0
 11
157.450195
 21
108.977661
 31
0.0
  0
LINE
  5
A5
330
1F
100
AcDbEntity
  8
0
 62
     7
370
    35
100
AcDbLine
 10
157.450195
 20
108.977661
 30
0.0
 11
159.519043
 21
109.051544
 31
0.0
  0
LINE
  5
A6
330
1F
100
AcDbEntity
  8
0
 62
     7
370
    35
100
AcDbLine
 10
159.519043
 20
109.051544
 30
0.0
 11
160.479584
 21
108.238785
 31
0.0
  0
LINE
  5
A7
330
1F
100
AcDbEntity
  8
0
 62
     7
370
    35
100
AcDbLine
 10
160.479584
 20
108.238785
 30
0.0
 11
160.701248
 21
107.13047
 31
0.0
  0
LINE
  5
A8
330
1F
100
AcDbEntity
  8
0
 62
     7
370
    35
100
AcDbLine
 10
160.701248
 20
107.13047
 30
0.0
 11
164.986725
 21
107.13047
 31
0.0
  0
LINE
  5
A9
330
1F
100
AcDbEntity
  8
0
 62
     7
370
    35
100
AcDbLine
 10
164.986725
 20
107.13047
 30
0.0
 11
172.597137
 21
108.091011
 31
0.0
  0
LINE
  5
AA
330
1F
100
AcDbEntity
  8
0
 62
     7
370
    35
100
AcDbLine
 10
172.597137
 20
108.091011
 30
0.0
 11
179.099243
 21
109.125435
 31
0.0
  0
LINE
  5
AB
330
1F
100
AcDbEntity
  8
0
 62
     7
370
    35
100
AcDbLine
 10
179.099243
 20
109.125435
 30
0.0
 11
187.226868
 21
110.381523
 31
0.0
  0
LINE
  5
AC
330
1F
100
AcDbEntity
  8
0
 62
     7
370
    35
100
AcDbLine
 10
187.226868
 20
110.381523
 30
0.0
 11
198.236115
 21
112.524261
 31
0.0
  0
LINE
  5
AD
330
1F
100
AcDbEntity
  8
0
 62
     7
370
    35
100
AcDbLine
 10
198.236115
 20
112.524261
 30
0.0
 11
208.063156
 21
114.962547
 31
0.0
  0
LINE
  5
AE
330
1F
100
AcDbEntity
  8
0
 62
     7
370
    35
100
AcDbLine
 10
208.063156
 20
114.962547
 30
0.0
 11
215.525787
 21
117.105286
 31
0.0
  0
LINE
  5
AF
330
1F
100
AcDbEntity
  8
0
 62
     7
370
    35
100
AcDbLine
 10
215.525787
 20
117.105286
 30
0.0
 11
220.18071
 21
118.583038
 31
0.0
  0
LINE
  5
B0
330
1F
100
AcDbEntity
  8
0
 62
     7
370
    35
100
AcDbLine
 10
220.18071
 20
118.583038
 30
0.0
 11
222.618988
 21
119.543579
 31
0.0
  0
LINE
  5
B1
330
1F
100
AcDbEntity
  8
0
 62
     7
370
    35
100
AcDbLine
 10
222.618988
 20
119.543579
 30
0.0
 11
223.653427
 21
120.060791
 31
0.0
  0
LINE
  5
B2
330
1F
100
AcDbEntity
  8
0
 62
     7
370
    35
100
AcDbLine
 10
223.653427
 20
120.060791
 30
0.0
 11
223.505646
 21
118.804703
 31
0.0
  0
LINE
  5
B3
330
1F
100
AcDbEntity
  8
0
 62
     7
370
    35
100
AcDbLine
 10
223.505646
 20
118.804703
 30
0.0
 11
218.185745
 21
116.809738
 31
0.0
  0
LINE
  5
B4
330
1F
100
AcDbEntity
  8
0
 62
     7
370
    35
100
AcDbLine
 10
218.185745
 20
116.809738
 30
0.0
 11
211.831421
 21
114.888664
 31
0.0
  0
LINE
  5
B5
330
1F
100
AcDbEntity
  8
0
 62
     7
370
    35
100
AcDbLine
 10
211.831421
 20
114.888664
 30
0.0
 11
200.378845
 21
111.711502
 31
0.0
  0
LINE
  5
B6
330
1F
100
AcDbEntity
  8
0
 62
     7
370
    35
100
AcDbLine
 10
200.378845
 20
111.711502
 30
0.0
 11
194.098404
 21
110.603188
 31
0.0
  0
LINE
  5
B7
330
1F
100
AcDbEntity
  8
0
 62
     7
370
    35
100
AcDbLine
 10
194.098404
 20
110.603188
 30
0.0
 11
187.522415
 21
109.199326
 31
0.0
  0
LINE
  5
B8
330
1F
100
AcDbEntity
  8
0
 62
     7
370
    35
100
AcDbLine
 10
187.522415
 20
109.199326
 30
0.0
 11
178.508133
 21
107.795456
 31
0.0
  0
LINE
  5
B9
330
1F
100
AcDbEntity
  8
0
 62
     7
370
    35
100
AcDbLine
 10
178.508133
 20
107.795456
 30
0.0
 11
167.94223
 21
106.539375
 31
0.0
  0
LINE
  5
BA
330
1F
100
AcDbEntity
  8
0
 62
     7
370
    35
100
AcDbLine
 10
167.94223
 20
106.539375
 30
0.0
 11
162.031219
 21
106.24382
 31
0.0
  0
LINE
  5
BB
330
1F
100
AcDbEntity
  8
0
 62
     7
370
    35
100
AcDbLine
 10
162.031219
 20
106.24382
 30
0.0
 11
160.331802
 21
106.022156
 31
0.0
  0
LINE
  5
BC
330
1F
100
AcDbEntity
  8
0
 62
     7
370
    35
100
AcDbLine
 10
160.331802
 20
106.022156
 30
0.0
 11
160.257919
 21
102.106117
 31
0.0
  0
LINE
  5
BD
330
1F
100
AcDbEntity
  8
0
 62
     7
370
    35
100
AcDbLine
 10
160.257919
 20
102.106117
 30
0.0
 11
160.257919
 21
99.076729
 31
0.0
  0
LINE
  5
BE
330
1F
100
AcDbEntity
  8
0
 62
     7
370
    35
100
AcDbLine
 10
160.257919
 20
99.076729
 30
0.0
 11
160.331802
 21
96.121231
 31
0.0
  0
LINE
  5
BF
330
1F
100
AcDbEntity
  8
0
 62
     7
370
    35
100
AcDbLine
 10
160.331802
 20
96.121231
 30
0.0
 11
160.331802
 21
89.02803
 31
0.0
  0
LINE
  5
C0
330
1F
100
AcDbEntity
  8
0
 62
     7
370
    35
100
AcDbLine
 10
160.331802
 20
89.02803
 30
0.0
 11
160.110138
 21
86.146416
 31
0.0
  0
LINE
  5
C1
330
1F
100
AcDbEntity
  8
0
 62
     7
370
    35
100
AcDbLine
 10
160.110138
 20
86.146416
 30
0.0
 11
159.740707
 21
85.111992
 31
0.0
  0
LINE
  5
C2
330
1F
100
AcDbEntity
  8
0
 62
     7
370
    35
100
AcDbLine
 10
159.740707
 20
85.111992
 30
0.0
 11
159.149597
 21
86.959183
 31
0.0
  0
LINE
  5
C3
330
1F
100
AcDbEntity
  8
0
 62
     7
370
    35
100
AcDbLine
 10
159.149597
 20
86.959183
 30
0.0
 11
159.001831
 21
92.796295
 31
0.0
  0
LINE
  5
C4
330
1F
100
AcDbEntity
  8
0
 62
     7
370
    35
100
AcDbLine
 10
159.001831
 20
92.796295
 30
0.0
 11
159.297379
 21
95.825684
 31
0.0
  0
LINE
  5
C5
330
1F
100
AcDbEntity
  8
0
 62
     7
370
    35
100
AcDbLine
 10
159.297379
 20
95.825684
 30
0.0
 11
159.149597
 21
98.190086
 31
0.0
  0
LINE
  5
C6
330
1F
100
AcDbEntity
  8
0
 62
     7
370
    35
100
AcDbLine
 10
159.149597
 20
98.190086
 30
0.0
 11
158.484619
 21
98.263969
 31
0.0
  0
LINE
  5
C7
330
1F
100
AcDbEntity
  8
0
 62
     7
370
    35
100
AcDbLine
 10
158.484619
 20
98.263969
 30
0.0
 11
158.189056
 21
92.426857
 31
0.0
  0
LINE
  5
C8
330
1F
100
AcDbEntity
  8
0
 62
     7
370
    35
100
AcDbLine
 10
158.189056
 20
92.426857
 30
0.0
 11
157.819626
 21
89.545242
 31
0.0
  0
LINE
  5
C9
330
1F
100
AcDbEntity
  8
0
 62
     7
370
    35
100
AcDbLine
 10
157.819626
 20
89.545242
 30
0.0
 11
157.671844
 21
87.771942
 31
0.0
  0
LINE
  5
CA
330
1F
100
AcDbEntity
  8
0
 62
     7
370
    35
100
AcDbLine
 10
157.671844
 20
87.771942
 30
0.0
 11
157.671844
 21
86.885292
 31
0.0
  0
LINE
  5
CB
330
1F
100
AcDbEntity
  8
0
 62
     7
370
    35
100
AcDbLine
 10
157.671844
 20
86.885292
 30
0.0
 11
156.711319
 21
86.663628
 31
0.0
  0
LINE
  5
CC
330
1F
100
AcDbEntity
  8
0
 62
     7
370
    35
100
AcDbLine
 10
156.711319
 20
86.663628
 30
0.0
 11
156.637421
 21
88.584709
 31
0.0
  0
LINE
  5
CD
330
1F
100
AcDbEntity
  8
0
 62
     7
370
    35
100
AcDbLine
 10
156.637421
 20
88.584709
 30
0.0
 11
157.006866
 21
92.796295
 31
0.0
  0
LINE
  5
CE
330
1F
100
AcDbEntity
  8
0
 62
     7
370
    35
100
AcDbLine
 10
157.006866
 20
92.796295
 30
0.0
 11
157.524078
 21
98.485634
 31
0.0
  0
LINE
  5
CF
330
1F
100
AcDbEntity
  8
0
 62
     7
370
    35
100
AcDbLine
 10
157.524078
 20
98.485634
 30
0.0
 11
157.819626
 21
102.401672
 31
0.0
  0
LINE
  5
D0
330
1F
100
AcDbEntity
  8
0
 62
     7
370
    35
100
AcDbLine
 10
157.819626
 20
102.401672
 30
0.0
 11
157.967407
 21
104.470528
 31
0.0
  0
LINE
  5
D1
330
1F
100
AcDbEntity
  8
0
 62
     7
370
    35
100
AcDbLine
 10
157.967407
 20
104.470528
 30
0.0
 11
158.262955
 21
107.499916
 31
0.0
  0
LINE
  5
D2
330
1F
100
AcDbEntity
  8
0
 62
     7
370
    35
100
AcDbLine
 10
158.262955
 20
107.499916
 30
0.0
 11
158.262955
 21
108.091019
 31
0.0
  0
LINE
  5
D3
330
1F
100
AcDbEntity
  8
0
 62
     7
370
    35
100
AcDbLine
 10
158.262955
 20
108.091019
 30
0.0
 11
159.44516
 21
107.943237
 31
0.0
  0
LINE
  5
D4
330
1F
100
AcDbEntity
  8
0
 62
     7
370
    35
100
AcDbLine
 10
138.72673
 20
190.364532
 30
0.0
 11
134.643814
 21
193.630875
 31
0.0
  0
LINE
  5
D5
330
1F
100
AcDbEntity
  8
0
 62
     7
370
    35
100
AcDbLine
 10
134.643814
 20
193.630875
 30
0.0
 11
128.846069
 21
195.835648
 31
0.0
  0
LINE
  5
D6
330
1F
100
AcDbEntity
  8
0
 62
     7
370
    35
100
AcDbLine
 10
128.846069
 20
195.835648
 30
0.0
 11
122.068436
 21
196.407257
 31
0.0
  0
LINE
  5
D7
330
1F
100
AcDbEntity
  8
0
 62
     7
370
    35
100
AcDbLine
 10
122.068436
 20
196.407257
 30
0.0
 11
118.067169
 21
195.998962
 31
0.0
  0
LINE
  5
D8
330
1F
100
AcDbEntity
  8
0
 62
     7
370
    35
100
AcDbLine
 10
118.067169
 20
195.998962
 30
0.0
 11
115.209129
 21
194.529114
 31
0.0
  0
LINE
  5
D9
330
1F
100
AcDbEntity
  8
0
 62
     7
370
    35
100
AcDbLine
 10
115.209129
 20
194.529114
 30
0.0
 11
112.759377
 21
192.242676
 31
0.0
  0
LINE
  5
DA
330
1F
100
AcDbEntity
  8
0
 62
     7
370
    35
100
AcDbLine
 10
112.759377
 20
192.242676
 30
0.0
 11
109.084747
 21
186.281631
 31
0.0
  0
LINE
  5
DB
330
1F
100
AcDbEntity
  8
0
 62
     7
370
    35
100
AcDbLine
 10
109.084747
 20
186.281631
 30
0.0
 11
108.268173
 21
182.280365
 31
0.0
  0
LINE
  5
DC
330
1F
100
AcDbEntity
  8
0
 62
     7
370
    35
100
AcDbLine
 10
108.268173
 20
182.280365
 30
0.0
 11
106.71666
 21
169.949966
 31
0.0
  0
LINE
  5
DD
330
1F
100
AcDbEntity
  8
0
 62
     7
370
    35
100
AcDbLine
 10
106.71666
 20
169.949966
 30
0.0
 11
104.675201
 21
157.619553
 31
0.0
  0
LINE
  5
DE
330
1F
100
AcDbEntity
  8
0
 62
     7
370
    35
100
AcDbLine
 10
104.675201
 20
157.619553
 30
0.0
 11
103.450325
 21
148.718811
 31
0.0
  0
LINE
  5
DF
330
1F
100
AcDbEntity
  8
0
 62
     7
370
    35
100
AcDbLine
 10
103.450325
 20
148.718811
 30
0.0
 11
102.715401
 21
140.797943
 31
0.0
  0
LINE
  5
E0
330
1F
100
AcDbEntity
  8
0
 62
     7
370
    35
100
AcDbLine
 10
102.715401
 20
140.797943
 30
0.0
 11
102.062134
 21
131.570557
 31
0.0
  0
LINE
  5
E1
330
1F
100
AcDbEntity
  8
0
 62
     7
370
    35
100
AcDbLine
 10
102.062134
 20
131.570557
 30
0.0
 11
102.225449
 21
126.099449
 31
0.0
  0
LINE
  5
E2
330
1F
100
AcDbEntity
  8
0
 62
     7
370
    35
100
AcDbLine
 10
102.225449
 20
126.099449
 30
0.0
 11
103.042038
 21
121.771561
 31
0.0
  0
LINE
  5
E3
330
1F
100
AcDbEntity
  8
0
 62
     7
370
    35
100
AcDbLine
 10
103.042038
 20
121.771561
 30
0.0
 11
104.185257
 21
118.096931
 31
0.0
  0
LINE
  5
E4
330
1F
100
AcDbEntity
  8
0
 62
     7
370
    35
100
AcDbLine
 10
104.185257
 20
118.096931
 30
0.0
 11
105.083496
 21
116.953712
 31
0.0
  0
LINE
  5
E5
330
1F
100
AcDbEntity
  8
0
 62
     7
370
    35
100
AcDbLine
 10
105.083496
 20
116.953712
 30
0.0
 11
107.288269
 21
116.382103
 31
0.0
  0
LINE
  5
E6
330
1F
100
AcDbEntity
  8
0
 62
     7
370
    35
100
AcDbLine
 10
107.288269
 20
116.382103
 30
0.0
 11
109.738022
 21
117.362007
 31
0.0
  0
LINE
  5
E7
330
1F
100
AcDbEntity
  8
0
 62
     7
370
    35
100
AcDbLine
 10
109.738022
 20
117.362007
 30
0.0
 11
111.044556
 21
119.403465
 31
0.0
  0
LINE
  5
E8
330
1F
100
AcDbEntity
  8
0
 62
     7
370
    35
100
AcDbLine
 10
111.044556
 20
119.403465
 30
0.0
 11
111.289528
 21
122.261505
 31
0.0
  0
LINE
  5
E9
330
1F
100
AcDbEntity
  8
0
 62
     7
370
    35
100
AcDbLine
 10
111.289528
 20
122.261505
 30
0.0
 11
111.452843
 21
125.609497
 31
0.0
  0
LINE
  5
EA
330
1F
100
AcDbEntity
  8
0
 62
     7
370
    35
100
AcDbLine
 10
111.452843
 20
125.609497
 30
0.0
 11
111.942795
 21
138.266541
 31
0.0
  0
LINE
  5
EB
330
1F
100
AcDbEntity
  8
0
 62
     7
370
    35
100
AcDbLine
 10
111.942795
 20
138.266541
 30
0.0
 11
113.249329
 21
152.556747
 31
0.0
  0
LINE
  5
EC
330
1F
100
AcDbEntity
  8
0
 62
     7
370
    35
100
AcDbLine
 10
113.249329
 20
152.556747
 30
0.0
 11
114.719177
 21
160.640915
 31
0.0
  0
LINE
  5
ED
330
1F
100
AcDbEntity
  8
0
 62
     7
370
    35
100
AcDbLine
 10
114.719177
 20
160.640915
 30
0.0
 11
117.005615
 21
175.176102
 31
0.0
  0
LINE
  5
EE
330
1F
100
AcDbEntity
  8
0
 62
     7
370
    35
100
AcDbLine
 10
117.005615
 20
175.176102
 30
0.0
 11
120.435265
 21
188.813034
 31
0.0
  0
LINE
  5
EF
330
1F
100
AcDbEntity
  8
0
 62
     7
370
    35
100
AcDbLine
 10
120.435265
 20
188.813034
 30
0.0
 11
125.253105
 21
196.407257
 31
0.0
  0
LINE
  5
F0
330
1F
100
AcDbEntity
  8
0
 62
     7
370
    35
100
AcDbLine
 10
125.253105
 20
196.407257
 30
0.0
 11
130.234268
 21
195.182388
 31
0.0
  0
LINE
  5
F1
330
1F
100
AcDbEntity
  8
0
 62
     7
370
    35
100
AcDbLine
 10
130.234268
 20
195.182388
 30
0.0
 11
135.868698
 21
193.059265
 31
0.0
  0
LINE
  5
F2
330
1F
100
AcDbEntity
  8
0
 62
     7
370
    35
100
AcDbLine
 10
135.868698
 20
193.059265
 30
0.0
 11
138.645081
 21
190.364548
 31
0.0
  0
LINE
  5
F3
330
1F
100
AcDbEntity
  8
0
 62
     7
370
    35
100
AcDbLine
 10
138.645081
 20
190.364548
 30
0.0
 11
140.278244
 21
191.916046
 31
0.0
  0
LINE
  5
F4
330
1F
100
AcDbEntity
  8
0
 62
     7
370
    35
100
AcDbLine
 10
140.278244
 20
191.916046
 30
0.0
 11
136.848587
 21
194.120819
 31
0.0
  0
LINE
  5
F5
330
1F
100
AcDbEntity
  8
0
 62
     7
370
    35
100
AcDbLine
 10
136.848587
 20
194.120819
 30
0.0
 11
131.377487
 21
196.978867
 31
0.0
  0
LINE
  5
F6
330
1F
100
AcDbEntity
  8
0
 62
     7
370
    35
100
AcDbLine
 10
131.377487
 20
196.978867
 30
0.0
 11
125.6614
 21
198.2854
 31
0.0
  0
LINE
  5
F7
330
1F
100
AcDbEntity
  8
0
 62
     7
370
    35
100
AcDbLine
 10
125.6614
 20
198.2854
 30
0.0
 11
120.843552
 21
198.448715
 31
0.0
  0
LINE
  5
F8
330
1F
100
AcDbEntity
  8
0
 62
     7
370
    35
100
AcDbLine
 10
120.843552
 20
198.448715
 30
0.0
 11
116.107368
 21
197.713791
 31
0.0
  0
LINE
  5
F9
330
1F
100
AcDbEntity
  8
0
 62
     7
370
    35
100
AcDbLine
 10
116.107368
 20
197.713791
 30
0.0
 11
113.249329
 21
196.243942
 31
0.0
  0
LINE
  5
FA
330
1F
100
AcDbEntity
  8
0
 62
     7
370
    35
100
AcDbLine
 10
113.249329
 20
196.243942
 30
0.0
 11
111.044556
 21
194.202484
 31
0.0
  0
LINE
  5
FB
330
1F
100
AcDbEntity
  8
0
 62
     7
370
    35
100
AcDbLine
 10
111.044556
 20
194.202484
 30
0.0
 11
108.431488
 21
190.364548
 31
0.0
  0
LINE
  5
FC
330
1F
100
AcDbEntity
  8
0
 62
     7
370
    35
100
AcDbLine
 10
108.431488
 20
190.364548
 30
0.0
 11
107.288269
 21
187.016556
 31
0.0
  0
LINE
  5
FD
330
1F
100
AcDbEntity
  8
0
 62
     7
370
    35
100
AcDbLine
 10
107.288269
 20
187.016556
 30
0.0
 11
105.655106
 21
179.014038
 31
0.0
  0
LINE
  5
FE
330
1F
100
AcDbEntity
  8
0
 62
     7
370
    35
100
AcDbLine
 10
105.655106
 20
179.014038
 30
0.0
 11
103.776962
 21
165.785385
 31
0.0
  0
LINE
  5
FF
330
1F
100
AcDbEntity
  8
0
 62
     7
370
    35
100
AcDbLine
 10
103.776962
 20
165.785385
 30
0.0
 11
102.797058
 21
159.334381
 31
0.0
  0
LINE
  5
100
330
1F
100
AcDbEntity
  8
0
 62
     7
370
    35
100
AcDbLine
 10
102.797058
 20
159.334381
 30
0.0
 11
101.572189
 21
151.740158
 31
0.0
  0
LINE
  5
101
330
1F
100
AcDbEntity
  8
0
 62
     7
370
    35
100
AcDbLine
 10
101.572189
 20
151.740158
 30
0.0
 11
100.673943
 21
138.429855
 31
0.0
  0
LINE
  5
102
330
1F
100
AcDbEntity
  8
0
 62
     7
370
    35
100
AcDbLine
 10
100.673943
 20
138.429855
 30
0.0
 11
100.837265
 21
126.017792
 31
0.0
  0
LINE
  5
103
330
1F
100
AcDbEntity
  8
0
 62
     7
370
    35
100
AcDbLine
 10
100.837265
 20
126.017792
 30
0.0
 11
102.715401
 21
118.668541
 31
0.0
  0
LINE
  5
104
330
1F
100
AcDbEntity
  8
0
 62
     7
370
    35
100
AcDbLine
 10
102.715401
 20
118.668541
 30
0.0
 11
104.021935
 21
117.443665
 31
0.0
  0
LINE
  5
105
330
1F
100
AcDbEntity
  8
0
 62
     7
370
    35
100
AcDbLine
 10
104.021935
 20
117.443665
 30
0.0
 11
103.123695
 21
121.444923
 31
0.0
  0
LINE
  5
106
330
1F
100
AcDbEntity
  8
0
 62
     7
370
    35
100
AcDbLine
 10
103.123695
 20
121.444923
 30
0.0
 11
102.633743
 21
125.282867
 31
0.0
  0
LINE
  5
107
330
1F
100
AcDbEntity
  8
0
 62
     7
370
    35
100
AcDbLine
 10
102.633743
 20
125.282867
 30
0.0
 11
102.715401
 21
137.939911
 31
0.0
  0
LINE
  5
108
330
1F
100
AcDbEntity
  8
0
 62
     7
370
    35
100
AcDbLine
 10
102.715401
 20
137.939911
 30
0.0
 11
103.776962
 21
153.699966
 31
0.0
  0
LINE
  5
109
330
1F
100
AcDbEntity
  8
0
 62
     7
370
    35
100
AcDbLine
 10
103.776962
 20
153.699966
 30
0.0
 11
106.063393
 21
166.68364
 31
0.0
  0
LINE
  5
10A
330
1F
100
AcDbEntity
  8
0
 62
     7
370
    35
100
AcDbLine
 10
106.063393
 20
166.68364
 30
0.0
 11
107.941536
 21
179.912277
 31
0.0
  0
LINE
  5
10B
330
1F
100
AcDbEntity
  8
0
 62
     7
370
    35
100
AcDbLine
 10
107.941536
 20
179.912277
 30
0.0
 11
110.146309
 21
187.75148
 31
0.0
  0
LINE
  5
10C
330
1F
100
AcDbEntity
  8
0
 62
     7
370
    35
100
AcDbLine
 10
110.146309
 20
187.75148
 30
0.0
 11
112.596062
 21
192.079376
 31
0.0
  0
LINE
  5
10D
330
1F
100
AcDbEntity
  8
0
 62
     7
370
    35
100
AcDbLine
 10
112.596062
 20
192.079376
 30
0.0
 11
117.413902
 21
195.835648
 31
0.0
  0
LINE
  5
10E
330
1F
100
AcDbEntity
  8
0
 62
     7
370
    35
100
AcDbLine
 10
117.413902
 20
195.835648
 30
0.0
 11
120.435265
 21
196.080627
 31
0.0
  0
LINE
  5
10F
330
1F
100
AcDbEntity
  8
0
 62
     7
370
    35
100
AcDbLine
 10
120.435265
 20
196.080627
 30
0.0
 11
118.802094
 21
194.284149
 31
0.0
  0
LINE
  5
110
330
1F
100
AcDbEntity
  8
0
 62
     7
370
    35
100
AcDbLine
 10
118.802094
 20
194.284149
 30
0.0
 11
116.760635
 21
191.752747
 31
0.0
  0
LINE
  5
111
330
1F
100
AcDbEntity
  8
0
 62
     7
370
    35
100
AcDbLine
 10
116.760635
 20
191.752747
 30
0.0
 11
115.617416
 21
189.547958
 31
0.0
  0
LINE
  5
112
330
1F
100
AcDbEntity
  8
0
 62
     7
370
    35
100
AcDbLine
 10
115.617416
 20
189.547958
 30
0.0
 11
114.474205
 21
187.588165
 31
0.0
  0
LINE
  5
113
330
1F
100
AcDbEntity
  8
0
 62
     7
370
    35
100
AcDbLine
 10
114.474205
 20
187.588165
 30
0.0
 11
112.922699
 21
182.198715
 31
0.0
  0
LINE
  5
114
330
1F
100
AcDbEntity
  8
0
 62
     7
370
    35
100
AcDbLine
 10
112.922699
 20
182.198715
 30
0.0
 11
111.697815
 21
176.64595
 31
0.0
  0
LINE
  5
115
330
1F
100
AcDbEntity
  8
0
 62
     7
370
    35
100
AcDbLine
 10
111.697815
 20
176.64595
 30
0.0
 11
110.881241
 21
171.2565
 31
0.0
  0
LINE
  5
116
330
1F
100
AcDbEntity
  8
0
 62
     7
370
    35
100
AcDbLine
 10
110.881241
 20
171.2565
 30
0.0
 11
109.901337
 21
159.824341
 31
0.0
  0
LINE
  5
117
330
1F
100
AcDbEntity
  8
0
 62
     7
370
    35
100
AcDbLine
 10
109.901337
 20
159.824341
 30
0.0
 11
109.24807
 21
151.005234
 31
0.0
  0
LINE
  5
118
330
1F
100
AcDbEntity
  8
0
 62
     7
370
    35
100
AcDbLine
 10
109.24807
 20
151.005234
 30
0.0
 11
108.758118
 21
143.411011
 31
0.0
  0
LINE
  5
119
330
1F
100
AcDbEntity
  8
0
 62
     7
370
    35
100
AcDbLine
 10
108.758118
 20
143.411011
 30
0.0
 11
108.67646
 21
140.144684
 31
0.0
  0
LINE
  5
11A
330
1F
100
AcDbEntity
  8
0
 62
     7
370
    35
100
AcDbLine
 10
108.67646
 20
140.144684
 30
0.0
 11
108.513145
 21
135.898438
 31
0.0
  0
LINE
  5
11B
330
1F
100
AcDbEntity
  8
0
 62
     7
370
    35
100
AcDbLine
 10
108.513145
 20
135.898438
 30
0.0
 11
108.349823
 21
132.550446
 31
0.0
  0
LINE
  5
11C
330
1F
100
AcDbEntity
  8
0
 62
     7
370
    35
100
AcDbLine
 10
108.349823
 20
132.550446
 30
0.0
 11
108.023193
 21
128.875824
 31
0.0
  0
LINE
  5
11D
330
1F
100
AcDbEntity
  8
0
 62
     7
370
    35
100
AcDbLine
 10
108.023193
 20
128.875824
 30
0.0
 11
107.941536
 21
125.527832
 31
0.0
  0
LINE
  5
11E
330
1F
100
AcDbEntity
  8
0
 62
     7
370
    35
100
AcDbLine
 10
107.941536
 20
125.527832
 30
0.0
 11
108.023193
 21
122.261497
 31
0.0
  0
LINE
  5
11F
330
1F
100
AcDbEntity
  8
0
 62
     7
370
    35
100
AcDbLine
 10
147.267563
 20
197.501099
 30
0.0
 11
144.927582
 21
206.459839
 31
0.0
  0
LINE
  5
120
330
1F
100
AcDbEntity
  8
0
 62
     7
370
    35
100
AcDbLine
 10
144.927582
 20
206.459839
 30
0.0
 11
144.994446
 21
209.869507
 31
0.0
  0
LINE
  5
121
330
1F
100
AcDbEntity
  8
0
 62
     7
370
    35
100
AcDbLine
 10
144.994446
 20
209.869507
 30
0.0
 11
145.66301
 21
214.482574
 31
0.0
  0
LINE
  5
122
330
1F
100
AcDbEntity
  8
0
 62
     7
370
    35
100
AcDbLine
 10
145.66301
 20
214.482574
 30
0.0
 11
146.465286
 21
216.55513
 31
0.0
  0
LINE
  5
123
330
1F
100
AcDbEntity
  8
0
 62
     7
370
    35
100
AcDbLine
 10
146.465286
 20
216.55513
 30
0.0
 11
148.537827
 21
220.232224
 31
0.0
  0
LINE
  5
124
330
1F
100
AcDbEntity
  8
0
 62
     7
370
    35
100
AcDbLine
 10
148.537827
 20
220.232224
 30
0.0
 11
150.209229
 21
222.2379
 31
0.0
  0
LINE
  5
125
330
1F
100
AcDbEntity
  8
0
 62
     7
370
    35
100
AcDbLine
 10
150.209229
 20
222.2379
 30
0.0
 11
151.947495
 21
223.641876
 31
0.0
  0
LINE
  5
126
330
1F
100
AcDbEntity
  8
0
 62
     7
370
    35
100
AcDbLine
 10
151.947495
 20
223.641876
 30
0.0
 11
154.220596
 21
224.845291
 31
0.0
  0
LINE
  5
127
330
1F
100
AcDbEntity
  8
0
 62
     7
370
    35
100
AcDbLine
 10
154.220596
 20
224.845291
 30
0.0
 11
156.69429
 21
225.447006
 31
0.0
  0
LINE
  5
128
330
1F
100
AcDbEntity
  8
0
 62
     7
370
    35
100
AcDbLine
 10
156.69429
 20
225.447006
 30
0.0
 11
159.36853
 21
224.912155
 31
0.0
  0
LINE
  5
129
330
1F
100
AcDbEntity
  8
0
 62
     7
370
    35
100
AcDbLine
 10
159.36853
 20
224.912155
 30
0.0
 11
161.374222
 21
224.511017
 31
0.0
  0
ARC
  5
12A
330
1F
100
AcDbEntity
  8
0
 62
     7
370
    35
100
AcDbCircle
 10
160.351318
 20
219.396515
 30
0.0
 40
5.215795993804932
100
AcDbArc
 50
39.382505
 51
78.69007
  0
LINE
  5
12B
330
1F
100
AcDbEntity
  8
0
 62
     7
370
    35
100
AcDbLine
 10
164.382751
 20
222.705902
 30
0.0
 11
166.455292
 21
220.833923
 31
0.0
  0
ARC
  5
12C
330
1F
100
AcDbEntity
  8
0
 62
     7
370
    35
100
AcDbCircle
 10
163.869797
 20
217.97142
 30
0.0
 40
3.857296705245972
100
AcDbArc
 50
10.804774
 51
47.910734
  0
LINE
  5
12D
330
1F
100
AcDbEntity
  8
0
 62
     7
370
    35
100
AcDbLine
 10
167.658707
 20
218.694519
 30
0.0
 11
168.728409
 21
217.15683
 31
0.0
  0
LINE
  5
12E
330
1F
100
AcDbEntity
  8
0
 62
     7
370
    35
100
AcDbLine
 10
168.728409
 20
217.15683
 30
0.0
 11
170.533524
 21
213.814026
 31
0.0
  0
LINE
  5
12F
330
1F
100
AcDbEntity
  8
0
 62
     7
370
    35
100
AcDbLine
 10
170.533524
 20
213.814026
 30
0.0
 11
171.402649
 21
211.006058
 31
0.0
  0
LINE
  5
130
330
1F
100
AcDbEntity
  8
0
 62
     7
370
    35
100
AcDbLine
 10
171.402649
 20
211.006058
 30
0.0
 11
171.870636
 21
208.799805
 31
0.0
  0
LINE
  5
131
330
1F
100
AcDbEntity
  8
0
 62
     7
370
    35
100
AcDbLine
 10
171.870636
 20
208.799805
 30
0.0
 11
172.338638
 21
206.459839
 31
0.0
  0
ARC
  5
132
330
1F
100
AcDbEntity
  8
0
 62
     7
370
    35
100
AcDbCircle
 10
218.657135
 20
215.723724
 30
0.0
 40
47.23582458496094
100
AcDbArc
 50
191.310146
 51
193.218979
  0
ARC
  5
133
330
1F
100
AcDbEntity
  8
0
 62
     7
370
    35
100
AcDbCircle
 10
167.730042
 20
203.761078
 30
0.0
 40
5.077405452728271
100
AcDbArc
 50
1.031058
 51
13.218975
  0
ARC
  5
134
330
1F
100
AcDbEntity
  8
0
 62
     7
370
    35
100
AcDbCircle
 10
176.84465
 20
203.925125
 30
0.0
 40
4.038674354553223
100
AcDbArc
 50
181.031067
 51
203.499152
  0
LINE
  5
135
330
1F
100
AcDbEntity
  8
0
 62
     7
370
    35
100
AcDbLine
 10
173.140915
 20
202.314758
 30
0.0
 11
168.193558
 21
202.247894
 31
0.0
  0
LINE
  5
136
330
1F
100
AcDbEntity
  8
0
 62
     7
370
    35
100
AcDbLine
 10
168.193558
 20
202.247894
 30
0.0
 11
167.992981
 21
203.585022
 31
0.0
  0
LINE
  5
137
330
1F
100
AcDbEntity
  8
0
 62
     7
370
    35
100
AcDbLine
 10
167.992981
 20
203.585022
 30
0.0
 11
168.995819
 21
206.392975
 31
0.0
  0
LINE
  5
138
330
1F
100
AcDbEntity
  8
0
 62
     7
370
    35
100
AcDbLine
 10
168.995819
 20
206.392975
 30
0.0
 11
169.129547
 21
210.404358
 31
0.0
  0
LINE
  5
139
330
1F
100
AcDbEntity
  8
0
 62
     7
370
    35
100
AcDbLine
 10
169.129547
 20
210.404358
 30
0.0
 11
168.460983
 21
215.218002
 31
0.0
  0
LINE
  5
13A
330
1F
100
AcDbEntity
  8
0
 62
     7
370
    35
100
AcDbLine
 10
168.460983
 20
215.218002
 30
0.0
 11
166.789566
 21
219.296234
 31
0.0
  0
LINE
  5
13B
330
1F
100
AcDbEntity
  8
0
 62
     7
370
    35
100
AcDbLine
 10
166.789566
 20
219.296234
 30
0.0
 11
164.583313
 21
220.432785
 31
0.0
  0
LINE
  5
13C
330
1F
100
AcDbEntity
  8
0
 62
     7
370
    35
100
AcDbLine
 10
164.583313
 20
220.432785
 30
0.0
 11
161.574783
 21
222.037338
 31
0.0
  0
LINE
  5
13D
330
1F
100
AcDbEntity
  8
0
 62
     7
370
    35
100
AcDbLine
 10
161.574783
 20
222.037338
 30
0.0
 11
156.426865
 21
222.973328
 31
0.0
  0
LINE
  5
13E
330
1F
100
AcDbEntity
  8
0
 62
     7
370
    35
100
AcDbLine
 10
156.426865
 20
222.973328
 30
0.0
 11
154.020035
 21
222.973328
 31
0.0
  0
LINE
  5
13F
330
1F
100
AcDbEntity
  8
0
 62
     7
370
    35
100
AcDbLine
 10
154.020035
 20
222.973328
 30
0.0
 11
152.281769
 21
221.970474
 31
0.0
  0
LINE
  5
140
330
1F
100
AcDbEntity
  8
0
 62
     7
370
    35
100
AcDbLine
 10
152.281769
 20
221.970474
 30
0.0
 11
149.674377
 21
215.08429
 31
0.0
  0
LINE
  5
141
330
1F
100
AcDbEntity
  8
0
 62
     7
370
    35
100
AcDbLine
 10
149.674377
 20
215.08429
 30
0.0
 11
149.941803
 21
209.267792
 31
0.0
  0
LINE
  5
142
330
1F
100
AcDbEntity
  8
0
 62
     7
370
    35
100
AcDbLine
 10
149.941803
 20
209.267792
 30
0.0
 11
151.078354
 21
204.320435
 31
0.0
  0
ARC
  5
143
330
1F
100
AcDbEntity
  8
0
 62
     7
370
    35
100
AcDbCircle
 10
155.494476
 20
205.334946
 30
0.0
 40
4.531154632568359
100
AcDbArc
 50
192.938013
 51
218.482483
  0
LINE
  5
144
330
1F
100
AcDbEntity
  8
0
 62
     7
370
    35
100
AcDbLine
 10
150.0
 20
200.0
 30
0.0
 11
147.334412
 21
196.966248
 31
0.0
  0
LINE
  5
145
330
1F
100
AcDbEntity
  8
0
 62
     7
370
    35
100
AcDbLine
 10
147.334412
 20
196.966248
 30
0.0
 11
151.145218
 21
198.90509
 31
0.0
  0
LINE
  5
146
330
1F
100
AcDbEntity
  8
0
 62
     7
370
    35
100
AcDbLine
 10
151.145218
 20
198.90509
 30
0.0
 11
156.426865
 21
201.044479
 31
0.0
  0
LINE
  5
147
330
1F
100
AcDbEntity
  8
0
 62
     7
370
    35
100
AcDbLine
 10
156.426865
 20
201.044479
 30
0.0
 11
161.708496
 21
201.980469
 31
0.0
  0
LINE
  5
148
330
1F
100
AcDbEntity
  8
0
 62
     7
370
    35
100
AcDbLine
 10
161.708496
 20
201.980469
 30
0.0
 11
171.202087
 21
202.649033
 31
0.0
  0
LINE
  5
149
330
1F
100
AcDbEntity
  8
0
 62
     7
370
    35
100
AcDbLine
 10
171.202087
 20
202.649033
 30
0.0
 11
180.561951
 21
201.178192
 31
0.0
  0
LINE
  5
14A
330
1F
100
AcDbEntity
  8
0
 62
     7
370
    35
100
AcDbLine
 10
180.561951
 20
201.178192
 30
0.0
 11
183.807129
 21
199.564911
 31
0.0
  0
LINE
  5
14B
330
1F
100
AcDbEntity
  8
0
 62
     7
370
    35
100
AcDbLine
 10
183.807129
 20
199.564911
 30
0.0
 11
190.238281
 21
196.894333
 31
0.0
  0
LINE
  5
14C
330
1F
100
AcDbEntity
  8
0
 62
     7
370
    35
100
AcDbLine
 10
190.238281
 20
196.894333
 30
0.0
 11
195.633926
 21
193.678757
 31
0.0
  0
LINE
  5
14D
330
1F
100
AcDbEntity
  8
0
 62
     7
370
    35
100
AcDbLine
 10
195.633926
 20
193.678757
 30
0.0
 11
200.920563
 21
190.136169
 31
0.0
  0
LINE
  5
14E
330
1F
100
AcDbEntity
  8
0
 62
     7
370
    35
100
AcDbLine
 10
200.920563
 20
190.136169
 30
0.0
 11
204.46315
 21
186.975082
 31
0.0
  0
LINE
  5
14F
330
1F
100
AcDbEntity
  8
0
 62
     7
370
    35
100
AcDbLine
 10
204.46315
 20
186.975082
 30
0.0
 11
207.914032
 21
183.223495
 31
0.0
  0
LINE
  5
150
330
1F
100
AcDbEntity
  8
0
 62
     7
370
    35
100
AcDbLine
 10
207.914032
 20
183.223495
 30
0.0
 11
210.560745
 21
179.931244
 31
0.0
  0
LINE
  5
151
330
1F
100
AcDbEntity
  8
0
 62
     7
370
    35
100
AcDbLine
 10
210.560745
 20
179.931244
 30
0.0
 11
213.272018
 21
175.638428
 31
0.0
  0
LINE
  5
152
330
1F
100
AcDbEntity
  8
0
 62
     7
370
    35
100
AcDbLine
 10
213.272018
 20
175.638428
 30
0.0
 11
214.304871
 21
173.185379
 31
0.0
  0
LINE
  5
153
330
1F
100
AcDbEntity
  8
0
 62
     7
370
    35
100
AcDbLine
 10
214.304871
 20
173.185379
 30
0.0
 11
215.240906
 21
170.215927
 31
0.0
  0
LINE
  5
154
330
1F
100
AcDbEntity
  8
0
 62
     7
370
    35
100
AcDbLine
 10
215.240906
 20
170.215927
 30
0.0
 11
216.854752
 21
165.568039
 31
0.0
  0
LINE
  5
155
330
1F
100
AcDbEntity
  8
0
 62
     7
370
    35
100
AcDbLine
 10
216.854752
 20
165.568039
 30
0.0
 11
217.56485
 21
162.017593
 31
0.0
  0
LINE
  5
156
330
1F
100
AcDbEntity
  8
0
 62
     7
370
    35
100
AcDbLine
 10
217.56485
 20
162.017593
 30
0.0
 11
219.146423
 21
151.527603
 31
0.0
  0
LINE
  5
157
330
1F
100
AcDbEntity
  8
0
 62
     7
370
    35
100
AcDbLine
 10
219.146423
 20
151.527603
 30
0.0
 11
219.856506
 21
145.201324
 31
0.0
  0
LINE
  5
158
330
1F
100
AcDbEntity
  8
0
 62
     7
370
    35
100
AcDbLine
 10
219.856506
 20
145.201324
 30
0.0
 11
220.663437
 21
137.487152
 31
0.0
  0
LINE
  5
159
330
1F
100
AcDbEntity
  8
0
 62
     7
370
    35
100
AcDbLine
 10
220.663437
 20
137.487152
 30
0.0
 11
221.599472
 21
131.064056
 31
0.0
  0
LINE
  5
15A
330
1F
100
AcDbEntity
  8
0
 62
     7
370
    35
100
AcDbLine
 10
221.599472
 20
131.064056
 30
0.0
 11
221.696304
 21
130.321686
 31
0.0
  0
LINE
  5
15B
330
1F
100
AcDbEntity
  8
0
 62
     7
370
    35
100
AcDbLine
 10
221.696304
 20
130.321686
 30
0.0
 11
223.085129
 21
128.72644
 31
0.0
  0
LINE
  5
15C
330
1F
100
AcDbEntity
  8
0
 62
     7
370
    35
100
AcDbLine
 10
223.085129
 20
128.72644
 30
0.0
 11
223.346542
 21
128.072891
 31
0.0
  0
LINE
  5
15D
330
1F
100
AcDbEntity
  8
0
 62
     7
370
    35
100
AcDbLine
 10
223.346542
 20
128.072891
 30
0.0
 11
222.126602
 21
126.678673
 31
0.0
  0
LINE
  5
15E
330
1F
100
AcDbEntity
  8
0
 62
     7
370
    35
100
AcDbLine
 10
222.126602
 20
126.678673
 30
0.0
 11
220.645248
 21
124.63092
 31
0.0
  0
LINE
  5
15F
330
1F
100
AcDbEntity
  8
0
 62
     7
370
    35
100
AcDbLine
 10
220.645248
 20
124.63092
 30
0.0
 11
219.076752
 21
123.19313
 31
0.0
  0
LINE
  5
160
330
1F
100
AcDbEntity
  8
0
 62
     7
370
    35
100
AcDbLine
 10
219.076752
 20
123.19313
 30
0.0
 11
217.421112
 21
121.232506
 31
0.0
  0
LINE
  5
161
330
1F
100
AcDbEntity
  8
0
 62
     7
370
    35
100
AcDbLine
 10
120.517166
 20
73.390137
 30
0.0
 11
121.680748
 21
67.766144
 31
0.0
  0
LINE
  5
162
330
1F
100
AcDbEntity
  8
0
 62
     7
370
    35
100
AcDbLine
 10
121.680748
 20
67.766144
 30
0.0
 11
124.007919
 21
63.6936
 31
0.0
  0
LINE
  5
163
330
1F
100
AcDbEntity
  8
0
 62
     7
370
    35
100
AcDbLine
 10
124.007919
 20
63.6936
 30
0.0
 11
127.789566
 21
60.396778
 31
0.0
  0
LINE
  5
164
330
1F
100
AcDbEntity
  8
0
 62
     7
370
    35
100
AcDbLine
 10
127.789566
 20
60.396778
 30
0.0
 11
132.443893
 21
57.778713
 31
0.0
  0
LINE
  5
165
330
1F
100
AcDbEntity
  8
0
 62
     7
370
    35
100
AcDbLine
 10
132.443893
 20
57.778713
 30
0.0
 11
139.134506
 21
54.772789
 31
0.0
  0
LINE
  5
166
330
1F
100
AcDbEntity
  8
0
 62
     7
370
    35
100
AcDbLine
 10
139.134506
 20
54.772789
 30
0.0
 11
143.691879
 21
53.900101
 31
0.0
  0
LINE
  5
167
330
1F
100
AcDbEntity
  8
0
 62
     7
370
    35
100
AcDbLine
 10
143.691879
 20
53.900101
 30
0.0
 11
152.612686
 21
52.348656
 31
0.0
  0
LINE
  5
168
330
1F
100
AcDbEntity
  8
0
 62
     7
370
    35
100
AcDbLine
 10
152.612686
 20
52.348656
 30
0.0
 11
158.236679
 21
52.445618
 31
0.0
  0
LINE
  5
169
330
1F
100
AcDbEntity
  8
0
 62
     7
370
    35
100
AcDbLine
 10
158.236679
 20
52.445618
 30
0.0
 11
167.060516
 21
53.415276
 31
0.0
  0
LINE
  5
16A
330
1F
100
AcDbEntity
  8
0
 62
     7
370
    35
100
AcDbLine
 10
167.060516
 20
53.415276
 30
0.0
 11
175.205612
 21
54.675823
 31
0.0
  0
LINE
  5
16B
330
1F
100
AcDbEntity
  8
0
 62
     7
370
    35
100
AcDbLine
 10
175.205612
 20
54.675823
 30
0.0
 11
185.140152
 21
57.682899
 31
0.0
  0
LINE
  5
16C
330
1F
100
AcDbEntity
  8
0
 62
     7
370
    35
100
AcDbLine
 10
185.140152
 20
57.682899
 30
0.0
 11
197.295212
 21
60.853783
 31
0.0
  0
LINE
  5
16D
330
1F
100
AcDbEntity
  8
0
 62
     7
370
    35
100
AcDbLine
 10
197.295212
 20
60.853783
 30
0.0
 11
202.593231
 21
62.526787
 31
0.0
  0
LINE
  5
16E
330
1F
100
AcDbEntity
  8
0
 62
     7
370
    35
100
AcDbLine
 10
202.593231
 20
62.526787
 30
0.0
 11
209.254028
 21
64.747055
 31
0.0
  0
LINE
  5
16F
330
1F
100
AcDbEntity
  8
0
 62
     7
370
    35
100
AcDbLine
 10
209.254028
 20
64.747055
 30
0.0
 11
214.554016
 21
66.680832
 31
0.0
  0
LINE
  5
170
330
1F
100
AcDbEntity
  8
0
 62
     7
370
    35
100
AcDbLine
 10
214.554016
 20
66.680832
 30
0.0
 11
217.27562
 21
68.901093
 31
0.0
  0
LINE
  5
171
330
1F
100
AcDbEntity
  8
0
 62
     7
370
    35
100
AcDbLine
 10
217.27562
 20
68.901093
 30
0.0
 11
218.851288
 21
71.192978
 31
0.0
  0
LINE
  5
172
330
1F
100
AcDbEntity
  8
0
 62
     7
370
    35
100
AcDbLine
 10
218.851288
 20
71.192978
 30
0.0
 11
221.787766
 21
73.126755
 31
0.0
  0
LINE
  5
173
330
1F
100
AcDbEntity
  8
0
 62
     7
370
    35
100
AcDbLine
 10
221.787766
 20
73.126755
 30
0.0
 11
224.079651
 21
79.214577
 31
0.0
  0
LINE
  5
174
330
1F
100
AcDbEntity
  8
0
 62
     7
370
    35
100
AcDbLine
 10
224.079651
 20
79.214577
 30
0.0
 11
225.153976
 21
91.032104
 31
0.0
  0
LINE
  5
175
330
1F
100
AcDbEntity
  8
0
 62
     7
370
    35
100
AcDbLine
 10
225.153976
 20
91.032104
 30
0.0
 11
224.652634
 21
104.783417
 31
0.0
  0
LINE
  5
176
330
1F
100
AcDbEntity
  8
0
 62
     7
370
    35
100
AcDbLine
 10
204.410736
 20
185.821945
 30
0.0
 11
196.178726
 21
189.146408
 31
0.0
  0
LINE
  5
177
330
1F
100
AcDbEntity
  8
0
 62
     7
370
    35
100
AcDbLine
 10
196.178726
 20
189.146408
 30
0.0
 11
191.350342
 21
189.463028
 31
0.0
  0
LINE
  5
178
330
1F
100
AcDbEntity
  8
0
 62
     7
370
    35
100
AcDbLine
 10
191.350342
 20
189.463028
 30
0.0
 11
190.717102
 21
190.096252
 31
0.0
  0
LINE
  5
179
330
1F
100
AcDbEntity
  8
0
 62
     7
370
    35
100
AcDbLine
 10
190.717102
 20
190.096252
 30
0.0
 11
189.5298
 21
191.283569
 31
0.0
  0
LINE
  5
17A
330
1F
100
AcDbEntity
  8
0
 62
     7
370
    35
100
AcDbLine
 10
189.5298
 20
191.283569
 30
0.0
 11
188.738266
 21
191.995941
 31
0.0
  0
LINE
  5
17B
330
1F
100
AcDbEntity
  8
0
 62
     7
370
    35
100
AcDbLine
 10
188.738266
 20
191.995941
 30
0.0
 11
186.838562
 21
192.391724
 31
0.0
  0
LINE
  5
17C
330
1F
100
AcDbEntity
  8
0
 62
     7
370
    35
100
AcDbLine
 10
186.838562
 20
192.391724
 30
0.0
 11
181.376953
 21
192.391724
 31
0.0
  0
LINE
  5
17D
330
1F
100
AcDbEntity
  8
0
 62
     7
370
    35
100
AcDbLine
 10
181.376953
 20
192.391724
 30
0.0
 11
175.519562
 21
191.362717
 31
0.0
  0
LINE
  5
17E
330
1F
100
AcDbEntity
  8
0
 62
     7
370
    35
100
AcDbLine
 10
175.519562
 20
191.362717
 30
0.0
 11
168.712326
 21
189.542175
 31
0.0
  0
LINE
  5
17F
330
1F
100
AcDbEntity
  8
0
 62
     7
370
    35
100
AcDbLine
 10
167.920792
 20
188.750641
 30
0.0
 11
163.171555
 21
186.296875
 31
0.0
  0
LINE
  5
180
330
1F
100
AcDbEntity
  8
0
 62
     7
370
    35
100
AcDbLine
 10
163.171555
 20
186.296875
 30
0.0
 11
158.34317
 21
182.73494
 31
0.0
  0
LINE
  5
181
330
1F
100
AcDbEntity
  8
0
 62
     7
370
    35
100
AcDbLine
 10
158.34317
 20
182.73494
 30
0.0
 11
156.522629
 21
181.072708
 31
0.0
  0
LINE
  5
182
330
1F
100
AcDbEntity
  8
0
 62
     7
370
    35
100
AcDbLine
 10
156.522629
 20
181.072708
 30
0.0
 11
154.543777
 21
178.935547
 31
0.0
  0
LINE
  5
183
330
1F
100
AcDbEntity
  8
0
 62
     7
370
    35
100
AcDbLine
 10
154.543777
 20
178.935547
 30
0.0
 11
152.406616
 21
177.115021
 31
0.0
  0
LINE
  5
184
330
1F
100
AcDbEntity
  8
0
 62
     7
370
    35
100
AcDbLine
 10
152.406616
 20
177.115021
 30
0.0
 11
151.061005
 21
175.136169
 31
0.0
  0
LINE
  5
185
330
1F
100
AcDbEntity
  8
0
 62
     7
370
    35
100
AcDbLine
 10
151.061005
 20
175.136169
 30
0.0
 11
145.995148
 21
167.458237
 31
0.0
  0
LINE
  5
186
330
1F
100
AcDbEntity
  8
0
 62
     7
370
    35
100
AcDbLine
 10
145.995148
 20
167.458237
 30
0.0
 11
143.462234
 21
163.421387
 31
0.0
  0
LINE
  5
187
330
1F
100
AcDbEntity
  8
0
 62
     7
370
    35
100
AcDbLine
 10
143.462234
 20
163.421387
 30
0.0
 11
139.583679
 21
154.397858
 31
0.0
  0
LINE
  5
188
330
1F
100
AcDbEntity
  8
0
 62
     7
370
    35
100
AcDbLine
 10
139.583679
 20
154.397858
 30
0.0
 11
136.575836
 21
146.165848
 31
0.0
  0
LINE
  5
189
330
1F
100
AcDbEntity
  8
0
 62
     7
370
    35
100
AcDbLine
 10
136.575836
 20
146.165848
 30
0.0
 11
133.488831
 21
135.559235
 31
0.0
  0
LINE
  5
18A
330
1F
100
AcDbEntity
  8
0
 62
     7
370
    35
100
AcDbLine
 10
133.488831
 20
135.559235
 30
0.0
 11
130.401825
 21
122.49884
 31
0.0
  0
LINE
  5
18B
330
1F
100
AcDbEntity
  8
0
 62
     7
370
    35
100
AcDbLine
 10
130.401825
 20
122.49884
 30
0.0
 11
129.214523
 21
114.345993
 31
0.0
  0
LINE
  5
18C
330
1F
100
AcDbEntity
  8
0
 62
     7
370
    35
100
AcDbLine
 10
129.214523
 20
114.345993
 30
0.0
 11
128.660446
 21
108.963524
 31
0.0
  0
LINE
  5
18D
330
1F
100
AcDbEntity
  8
0
 62
     7
370
    35
100
AcDbLine
 10
128.660446
 20
108.963524
 30
0.0
 11
128.264679
 21
107.063835
 31
0.0
  0
LINE
  5
18E
330
1F
100
AcDbEntity
  8
0
 62
     7
370
    35
100
AcDbLine
 10
128.264679
 20
107.063835
 30
0.0
 11
128.739594
 21
106.509758
 31
0.0
  0
LINE
  5
18F
330
1F
100
AcDbEntity
  8
0
 62
     7
370
    35
100
AcDbLine
 10
128.739594
 20
106.509758
 30
0.0
 11
129.610291
 21
106.272293
 31
0.0
  0
LINE
  5
190
330
1F
100
AcDbEntity
  8
0
 62
     7
370
    35
100
AcDbLine
 10
129.610291
 20
106.272293
 30
0.0
 11
129.847763
 21
109.359299
 31
0.0
  0
LINE
  5
191
330
1F
100
AcDbEntity
  8
0
 62
     7
370
    35
100
AcDbLine
 10
129.847763
 20
109.359299
 30
0.0
 11
132.618134
 21
123.52784
 31
0.0
  0
LINE
  5
192
330
1F
100
AcDbEntity
  8
0
 62
     7
370
    35
100
AcDbLine
 10
132.618134
 20
123.52784
 30
0.0
 11
137.209076
 21
140.150162
 31
0.0
  0
LINE
  5
193
330
1F
100
AcDbEntity
  8
0
 62
     7
370
    35
100
AcDbLine
 10
137.209076
 20
140.150162
 30
0.0
 11
144.095459
 21
159.384552
 31
0.0
  0
LINE
  5
194
330
1F
100
AcDbEntity
  8
0
 62
     7
370
    35
100
AcDbLine
 10
144.095459
 20
159.384552
 30
0.0
 11
152.723236
 21
173.315628
 31
0.0
  0
LINE
  5
195
330
1F
100
AcDbEntity
  8
0
 62
     7
370
    35
100
AcDbLine
 10
152.723236
 20
173.315628
 30
0.0
 11
159.767929
 21
180.835251
 31
0.0
  0
LINE
  5
196
330
1F
100
AcDbEntity
  8
0
 62
     7
370
    35
100
AcDbLine
 10
159.767929
 20
180.835251
 30
0.0
 11
169.899628
 21
187.167557
 31
0.0
  0
LINE
  5
197
330
1F
100
AcDbEntity
  8
0
 62
     7
370
    35
100
AcDbLine
 10
169.899628
 20
187.167557
 30
0.0
 11
175.202942
 21
188.908951
 31
0.0
  0
LINE
  5
198
330
1F
100
AcDbEntity
  8
0
 62
     7
370
    35
100
AcDbLine
 10
175.202942
 20
188.908951
 30
0.0
 11
180.427109
 21
190.412872
 31
0.0
  0
LINE
  5
199
330
1F
100
AcDbEntity
  8
0
 62
     7
370
    35
100
AcDbLine
 10
180.427109
 20
190.412872
 30
0.0
 11
181.060333
 21
190.49202
 31
0.0
  0
LINE
  5
19A
330
1F
100
AcDbEntity
  8
0
 62
     7
370
    35
100
AcDbLine
 10
181.060333
 20
190.49202
 30
0.0
 11
181.77272
 21
188.117401
 31
0.0
  0
LINE
  5
19B
330
1F
100
AcDbEntity
  8
0
 62
     7
370
    35
100
AcDbLine
 10
181.77272
 20
188.117401
 30
0.0
 11
182.010178
 21
184.238861
 31
0.0
  0
LINE
  5
19C
330
1F
100
AcDbEntity
  8
0
 62
     7
370
    35
100
AcDbLine
 10
182.010178
 20
184.238861
 30
0.0
 11
182.405945
 21
178.302322
 31
0.0
  0
LINE
  5
19D
330
1F
100
AcDbEntity
  8
0
 62
     7
370
    35
100
AcDbLine
 10
182.405945
 20
178.302322
 30
0.0
 11
183.039185
 21
177.748245
 31
0.0
  0
LINE
  5
19E
330
1F
100
AcDbEntity
  8
0
 62
     7
370
    35
100
AcDbLine
 10
183.039185
 20
177.748245
 30
0.0
 11
183.672409
 21
178.064865
 31
0.0
  0
LINE
  5
19F
330
1F
100
AcDbEntity
  8
0
 62
     7
370
    35
100
AcDbLine
 10
183.672409
 20
178.064865
 30
0.0
 11
183.355804
 21
182.57663
 31
0.0
  0
LINE
  5
1A0
330
1F
100
AcDbEntity
  8
0
 62
     7
370
    35
100
AcDbLine
 10
183.355804
 20
182.57663
 30
0.0
 11
183.039185
 21
185.901093
 31
0.0
  0
LINE
  5
1A1
330
1F
100
AcDbEntity
  8
0
 62
     7
370
    35
100
AcDbLine
 10
183.039185
 20
185.901093
 30
0.0
 11
183.039185
 21
186.850952
 31
0.0
  0
LINE
  5
1A2
330
1F
100
AcDbEntity
  8
0
 62
     7
370
    35
100
AcDbLine
 10
183.039185
 20
186.850952
 30
0.0
 11
183.672409
 21
187.088409
 31
0.0
  0
LINE
  5
1A3
330
1F
100
AcDbEntity
  8
0
 62
     7
370
    35
100
AcDbLine
 10
183.672409
 20
187.088409
 30
0.0
 11
184.543106
 21
181.705948
 31
0.0
  0
LINE
  5
1A4
330
1F
100
AcDbEntity
  8
0
 62
     7
370
    35
100
AcDbLine
 10
184.543106
 20
181.705948
 30
0.0
 11
185.255493
 21
178.53978
 31
0.0
  0
LINE
  5
1A5
330
1F
100
AcDbEntity
  8
0
 62
     7
370
    35
100
AcDbLine
 10
185.255493
 20
178.53978
 30
0.0
 11
185.572113
 21
177.985703
 31
0.0
  0
LINE
  5
1A6
330
1F
100
AcDbEntity
  8
0
 62
     7
370
    35
100
AcDbLine
 10
185.572113
 20
177.985703
 30
0.0
 11
185.888718
 21
178.53978
 31
0.0
  0
LINE
  5
1A7
330
1F
100
AcDbEntity
  8
0
 62
     7
370
    35
100
AcDbLine
 10
185.888718
 20
178.53978
 30
0.0
 11
185.255493
 21
181.231018
 31
0.0
  0
LINE
  5
1A8
330
1F
100
AcDbEntity
  8
0
 62
     7
370
    35
100
AcDbLine
 10
185.255493
 20
181.231018
 30
0.0
 11
184.543106
 21
184.238861
 31
0.0
  0
LINE
  5
1A9
330
1F
100
AcDbEntity
  8
0
 62
     7
370
    35
100
AcDbLine
 10
184.543106
 20
184.238861
 30
0.0
 11
184.463959
 21
185.821945
 31
0.0
  0
LINE
  5
1AA
330
1F
100
AcDbEntity
  8
0
 62
     7
370
    35
100
AcDbLine
 10
184.463959
 20
185.821945
 30
0.0
 11
184.068176
 21
187.246719
 31
0.0
  0
LINE
  5
1AB
330
1F
100
AcDbEntity
  8
0
 62
     7
370
    35
100
AcDbLine
 10
183.909882
 20
188.908951
 30
0.0
 11
185.018036
 21
186.376022
 31
0.0
  0
LINE
  5
1AC
330
1F
100
AcDbEntity
  8
0
 62
     7
370
    35
100
AcDbLine
 10
185.018036
 20
186.376022
 30
0.0
 11
185.888718
 21
183.209869
 31
0.0
  0
LINE
  5
1AD
330
1F
100
AcDbEntity
  8
0
 62
     7
370
    35
100
AcDbLine
 10
185.888718
 20
183.209869
 30
0.0
 11
186.996872
 21
179.964554
 31
0.0
  0
LINE
  5
1AE
330
1F
100
AcDbEntity
  8
0
 62
     7
370
    35
100
AcDbLine
 10
186.996872
 20
179.964554
 30
0.0
 11
187.234344
 21
177.906555
 31
0.0
  0
LINE
  5
1AF
330
1F
100
AcDbEntity
  8
0
 62
     7
370
    35
100
AcDbLine
 10
187.234344
 20
177.906555
 30
0.0
 11
186.205338
 21
178.064865
 31
0.0
  0
LINE
  5
1B0
330
1F
100
AcDbEntity
  8
0
 62
     7
370
    35
100
AcDbLine
 10
189.37149
 20
189.463028
 30
0.0
 11
190.400497
 21
186.376022
 31
0.0
  0
LINE
  5
1B1
330
1F
100
AcDbEntity
  8
0
 62
     7
370
    35
100
AcDbLine
 10
190.400497
 20
186.376022
 30
0.0
 11
191.271194
 21
184.238861
 31
0.0
  0
LINE
  5
1B2
330
1F
100
AcDbEntity
  8
0
 62
     7
370
    35
100
AcDbLine
 10
191.271194
 20
184.238861
 30
0.0
 11
192.062729
 21
182.41832
 31
0.0
  0
LINE
  5
1B3
330
1F
100
AcDbEntity
  8
0
 62
     7
370
    35
100
AcDbLine
 10
192.062729
 20
182.41832
 30
0.0
 11
192.537659
 21
180.835251
 31
0.0
  0
LINE
  5
1B4
330
1F
100
AcDbEntity
  8
0
 62
     7
370
    35
100
AcDbLine
 10
192.537659
 20
180.835251
 30
0.0
 11
193.40834
 21
179.410477
 31
0.0
  0
LINE
  5
1B5
330
1F
100
AcDbEntity
  8
0
 62
     7
370
    35
100
AcDbLine
 10
193.40834
 20
179.410477
 30
0.0
 11
194.04158
 21
179.173019
 31
0.0
  0
LINE
  5
1B6
330
1F
100
AcDbEntity
  8
0
 62
     7
370
    35
100
AcDbLine
 10
194.04158
 20
179.173019
 30
0.0
 11
194.516495
 21
179.964554
 31
0.0
  0
LINE
  5
1B7
330
1F
100
AcDbEntity
  8
0
 62
     7
370
    35
100
AcDbLine
 10
194.516495
 20
179.964554
 30
0.0
 11
194.04158
 21
181.072708
 31
0.0
  0
LINE
  5
1B8
330
1F
100
AcDbEntity
  8
0
 62
     7
370
    35
100
AcDbLine
 10
194.04158
 20
181.072708
 30
0.0
 11
193.329193
 21
182.497482
 31
0.0
  0
LINE
  5
1B9
330
1F
100
AcDbEntity
  8
0
 62
     7
370
    35
100
AcDbLine
 10
193.329193
 20
182.497482
 30
0.0
 11
192.537659
 21
184.397171
 31
0.0
  0
LINE
  5
1BA
330
1F
100
AcDbEntity
  8
0
 62
     7
370
    35
100
AcDbLine
 10
192.537659
 20
184.397171
 30
0.0
 11
191.429504
 21
186.45517
 31
0.0
  0
LINE
  5
1BB
330
1F
100
AcDbEntity
  8
0
 62
     7
370
    35
100
AcDbLine
 10
191.429504
 20
186.45517
 30
0.0
 11
191.429504
 21
186.77179
 31
0.0
  0
LINE
  5
1BC
330
1F
100
AcDbEntity
  8
0
 62
     7
370
    35
100
AcDbLine
 10
191.429504
 20
186.77179
 30
0.0
 11
193.012573
 21
183.447327
 31
0.0
  0
LINE
  5
1BD
330
1F
100
AcDbEntity
  8
0
 62
     7
370
    35
100
AcDbLine
 10
193.012573
 20
183.447327
 30
0.0
 11
193.645813
 21
182.655792
 31
0.0
  0
LINE
  5
1BE
330
1F
100
AcDbEntity
  8
0
 62
     7
370
    35
100
AcDbLine
 10
193.645813
 20
182.655792
 30
0.0
 11
194.358185
 21
181.468475
 31
0.0
  0
LINE
  5
1BF
330
1F
100
AcDbEntity
  8
0
 62
     7
370
    35
100
AcDbLine
 10
194.358185
 20
181.468475
 30
0.0
 11
194.753967
 21
180.518631
 31
0.0
  0
LINE
  5
1C0
330
1F
100
AcDbEntity
  8
0
 62
     7
370
    35
100
AcDbLine
 10
194.753967
 20
180.518631
 30
0.0
 11
194.991425
 21
180.281174
 31
0.0
  0
LINE
  5
1C1
330
1F
100
AcDbEntity
  8
0
 62
     7
370
    35
100
AcDbLine
 10
194.991425
 20
180.281174
 30
0.0
 11
195.545502
 21
180.360321
 31
0.0
  0
LINE
  5
1C2
330
1F
100
AcDbEntity
  8
0
 62
     7
370
    35
100
AcDbLine
 10
195.545502
 20
180.360321
 30
0.0
 11
195.545502
 21
180.676941
 31
0.0
  0
LINE
  5
1C3
330
1F
100
AcDbEntity
  8
0
 62
     7
370
    35
100
AcDbLine
 10
195.545502
 20
180.676941
 30
0.0
 11
194.991425
 21
182.497482
 31
0.0
  0
LINE
  5
1C4
330
1F
100
AcDbEntity
  8
0
 62
     7
370
    35
100
AcDbLine
 10
194.991425
 20
182.497482
 30
0.0
 11
194.04158
 21
183.447327
 31
0.0
  0
LINE
  5
1C5
330
1F
100
AcDbEntity
  8
0
 62
     7
370
    35
100
AcDbLine
 10
194.04158
 20
183.447327
 30
0.0
 11
192.775116
 21
185.267868
 31
0.0
  0
LINE
  5
1C6
330
1F
100
AcDbEntity
  8
0
 62
     7
370
    35
100
AcDbLine
 10
192.775116
 20
185.267868
 30
0.0
 11
192.300186
 21
186.61348
 31
0.0
  0
LINE
  5
1C7
330
1F
100
AcDbEntity
  8
0
 62
     7
370
    35
100
AcDbLine
 10
192.300186
 20
186.61348
 30
0.0
 11
192.141876
 21
186.930099
 31
0.0
  0
LINE
  5
1C8
330
1F
100
AcDbEntity
  8
0
 62
     7
370
    35
100
AcDbLine
 10
191.192032
 20
189.621338
 30
0.0
 11
192.458496
 21
187.642487
 31
0.0
  0
LINE
  5
1C9
330
1F
100
AcDbEntity
  8
0
 62
     7
370
    35
100
AcDbLine
 10
192.458496
 20
187.642487
 30
0.0
 11
193.56665
 21
186.296875
 31
0.0
  0
LINE
  5
1CA
330
1F
100
AcDbEntity
  8
0
 62
     7
370
    35
100
AcDbLine
 10
193.56665
 20
186.296875
 30
0.0
 11
194.833115
 21
184.159714
 31
0.0
  0
LINE
  5
1CB
330
1F
100
AcDbEntity
  8
0
 62
     7
370
    35
100
AcDbLine
 10
194.833115
 20
184.159714
 30
0.0
 11
196.653656
 21
181.547638
 31
0.0
  0
LINE
  5
1CC
330
1F
100
AcDbEntity
  8
0
 62
     7
370
    35
100
AcDbLine
 10
196.653656
 20
181.547638
 30
0.0
 11
196.811966
 21
180.122864
 31
0.0
  0
LINE
  5
1CD
330
1F
100
AcDbEntity
  8
0
 62
     7
370
    35
100
AcDbLine
 10
196.811966
 20
180.122864
 30
0.0
 11
196.257889
 21
180.439484
 31
0.0
  0
LINE
  5
1CE
330
1F
100
AcDbEntity
  8
0
 62
     7
370
    35
100
AcDbLine
 10
196.257889
 20
180.439484
 30
0.0
 11
197.049423
 21
180.597778
 31
0.0
  0
LINE
  5
1CF
330
1F
100
AcDbEntity
  8
0
 62
     7
370
    35
100
AcDbLine
 10
197.049423
 20
180.597778
 30
0.0
 11
196.099579
 21
182.57663
 31
0.0
  0
LINE
  5
1D0
330
1F
100
AcDbEntity
  8
0
 62
     7
370
    35
100
AcDbLine
 10
196.099579
 20
182.57663
 30
0.0
 11
192.933411
 21
187.167557
 31
0.0
  0
LINE
  5
1D1
330
1F
100
AcDbEntity
  8
0
 62
     7
370
    35
100
AcDbLine
 10
192.933411
 20
187.167557
 30
0.0
 11
191.666962
 21
189.304718
 31
0.0
  0
LINE
  5
1D2
330
1F
100
AcDbEntity
  8
0
 62
     7
370
    35
100
AcDbLine
 10
191.666962
 20
189.304718
 30
0.0
 11
191.112885
 21
190.175415
 31
0.0
  0
LINE
  5
1D3
330
1F
100
AcDbEntity
  8
0
 62
     7
370
    35
100
AcDbLine
 10
191.112885
 20
190.175415
 30
0.0
 11
190.479645
 21
191.204407
 31
0.0
  0
LINE
  5
1D4
330
1F
100
AcDbEntity
  8
0
 62
     7
370
    35
100
AcDbLine
 10
190.479645
 20
191.204407
 30
0.0
 11
191.350342
 21
189.700485
 31
0.0
  0
LINE
  5
1D5
330
1F
100
AcDbEntity
  8
0
 62
     7
370
    35
100
AcDbLine
 10
191.350342
 20
189.700485
 30
0.0
 11
189.5298
 21
191.283569
 31
0.0
  0
LINE
  5
1D6
330
1F
100
AcDbEntity
  8
0
 62
     7
370
    35
100
AcDbLine
 10
189.5298
 20
191.283569
 30
0.0
 11
188.738266
 21
191.995941
 31
0.0
  0
LINE
  5
1D7
330
1F
100
AcDbEntity
  8
0
 62
     7
370
    35
100
AcDbLine
 10
188.738266
 20
191.995941
 30
0.0
 11
187.234344
 21
192.629181
 31
0.0
  0
LINE
  5
1D8
330
1F
100
AcDbEntity
  8
0
 62
     7
370
    35
100
AcDbLine
 10
187.234344
 20
192.629181
 30
0.0
 11
182.326797
 21
192.550018
 31
0.0
  0
LINE
  5
1D9
330
1F
100
AcDbEntity
  8
0
 62
     7
370
    35
100
AcDbLine
 10
182.326797
 20
192.550018
 30
0.0
 11
176.152786
 21
191.600174
 31
0.0
  0
LINE
  5
1DA
330
1F
100
AcDbEntity
  8
0
 62
     7
370
    35
100
AcDbLine
 10
176.152786
 20
191.600174
 30
0.0
 11
168.791473
 21
189.383865
 31
0.0
  0
LINE
  5
1DB
330
1F
100
AcDbEntity
  8
0
 62
     7
370
    35
100
AcDbLine
 10
168.791473
 20
189.383865
 30
0.0
 11
163.250702
 21
186.217712
 31
0.0
  0
LINE
  5
1DC
330
1F
100
AcDbEntity
  8
0
 62
     7
370
    35
100
AcDbLine
 10
163.250702
 20
186.217712
 30
0.0
 11
158.659775
 21
183.130707
 31
0.0
  0
LINE
  5
1DD
330
1F
100
AcDbEntity
  8
0
 62
     7
370
    35
100
AcDbLine
 10
158.659775
 20
183.130707
 30
0.0
 11
150.031998
 21
174.186325
 31
0.0
  0
LINE
  5
1DE
330
1F
100
AcDbEntity
  8
0
 62
     7
370
    35
100
AcDbLine
 10
150.031998
 20
174.186325
 30
0.0
 11
147.182465
 21
169.595398
 31
0.0
  0
LINE
  5
1DF
330
1F
100
AcDbEntity
  8
0
 62
     7
370
    35
100
AcDbLine
 10
147.182465
 20
169.595398
 30
0.0
 11
142.749847
 21
162.234085
 31
0.0
  0
LINE
  5
1E0
330
1F
100
AcDbEntity
  8
0
 62
     7
370
    35
100
AcDbLine
 10
142.749847
 20
162.234085
 30
0.0
 11
140.612686
 21
157.564011
 31
0.0
  0
LINE
  5
1E1
330
1F
100
AcDbEntity
  8
0
 62
     7
370
    35
100
AcDbLine
 10
140.612686
 20
157.564011
 30
0.0
 11
137.288223
 21
148.461319
 31
0.0
  0
LINE
  5
1E2
330
1F
100
AcDbEntity
  8
0
 62
     7
370
    35
100
AcDbLine
 10
137.288223
 20
148.461319
 30
0.0
 11
134.042908
 21
139.200317
 31
0.0
  0
LINE
  5
1E3
330
1F
100
AcDbEntity
  8
0
 62
     7
370
    35
100
AcDbLine
 10
134.042908
 20
139.200317
 30
0.0
 11
132.380676
 21
131.364075
 31
0.0
  0
LINE
  5
1E4
330
1F
100
AcDbEntity
  8
0
 62
     7
370
    35
100
AcDbLine
 10
132.380676
 20
131.364075
 30
0.0
 11
129.451996
 21
115.612457
 31
0.0
  0
LINE
  5
1E5
330
1F
100
AcDbEntity
  8
0
 62
     7
370
    35
100
AcDbLine
 10
129.451996
 20
115.612457
 30
0.0
 11
128.264679
 21
107.617912
 31
0.0
  0
LINE
  5
1E6
330
1F
100
AcDbEntity
  8
0
 62
     7
370
    35
100
AcDbLine
 10
128.264679
 20
107.617912
 30
0.0
 11
129.451996
 21
106.272293
 31
0.0
  0
LINE
  5
1E7
330
1F
100
AcDbEntity
  8
0
 62
     7
370
    35
100
AcDbLine
 10
129.451996
 20
106.272293
 30
0.0
 11
135.309372
 21
104.451752
 31
0.0
  0
LINE
  5
1E8
330
1F
100
AcDbEntity
  8
0
 62
     7
370
    35
100
AcDbLine
 10
135.309372
 20
104.451752
 30
0.0
 11
143.224762
 21
102.868675
 31
0.0
  0
LINE
  5
1E9
330
1F
100
AcDbEntity
  8
0
 62
     7
370
    35
100
AcDbLine
 10
143.224762
 20
102.868675
 30
0.0
 11
151.852539
 21
102.868675
 31
0.0
  0
LINE
  5
1EA
330
1F
100
AcDbEntity
  8
0
 62
     7
370
    35
100
AcDbLine
 10
151.852539
 20
102.868675
 30
0.0
 11
154.068848
 21
103.10614
 31
0.0
  0
LINE
  5
1EB
330
1F
100
AcDbEntity
  8
0
 62
     7
370
    35
100
AcDbLine
 10
118.630524
 20
98.668976
 30
0.0
 11
117.364059
 21
102.864136
 31
0.0
  0
LINE
  5
1EC
330
1F
100
AcDbEntity
  8
0
 62
     7
370
    35
100
AcDbLine
 10
117.364059
 20
102.864136
 30
0.0
 11
115.464371
 21
106.663521
 31
0.0
  0
LINE
  5
1ED
330
1F
100
AcDbEntity
  8
0
 62
     7
370
    35
100
AcDbLine
 10
115.464371
 20
106.663521
 30
0.0
 11
111.506676
 21
110.383759
 31
0.0
  0
LINE
  5
1EE
330
1F
100
AcDbEntity
  8
0
 62
     7
370
    35
100
AcDbLine
 10
111.506676
 20
110.383759
 30
0.0
 11
105.728439
 21
111.254448
 31
0.0
  0
LINE
  5
1EF
330
1F
100
AcDbEntity
  8
0
 62
     7
370
    35
100
AcDbLine
 10
105.728439
 20
111.254448
 30
0.0
 11
105.411819
 21
111.808525
 31
0.0
  0
LINE
  5
1F0
330
1F
100
AcDbEntity
  8
0
 62
     7
370
    35
100
AcDbLine
 10
105.411819
 20
111.808525
 30
0.0
 11
106.915749
 21
112.520912
 31
0.0
  0
LINE
  5
1F1
330
1F
100
AcDbEntity
  8
0
 62
     7
370
    35
100
AcDbLine
 10
106.915749
 20
112.520912
 30
0.0
 11
108.498825
 21
112.2043
 31
0.0
  0
LINE
  5
1F2
330
1F
100
AcDbEntity
  8
0
 62
     7
370
    35
100
AcDbLine
 10
108.498825
 20
112.2043
 30
0.0
 11
110.240211
 21
111.254448
 31
0.0
  0
LINE
  5
1F3
330
1F
100
AcDbEntity
  8
0
 62
     7
370
    35
100
AcDbLine
 10
110.240211
 20
111.254448
 30
0.0
 11
109.527824
 21
112.283447
 31
0.0
  0
LINE
  5
1F4
330
1F
100
AcDbEntity
  8
0
 62
     7
370
    35
100
AcDbLine
 10
109.527824
 20
112.283447
 30
0.0
 11
109.606979
 21
115.370453
 31
0.0
  0
LINE
  5
1F5
330
1F
100
AcDbEntity
  8
0
 62
     7
370
    35
100
AcDbLine
 10
109.606979
 20
115.370453
 30
0.0
 11
109.290359
 21
116.953529
 31
0.0
  0
LINE
  5
1F6
330
1F
100
AcDbEntity
  8
0
 62
     7
370
    35
100
AcDbLine
 10
109.290359
 20
116.953529
 30
0.0
 11
106.282516
 21
116.636917
 31
0.0
  0
LINE
  5
1F7
330
1F
100
AcDbEntity
  8
0
 62
     7
370
    35
100
AcDbLine
 10
106.282516
 20
116.636917
 30
0.0
 11
104.620285
 21
116.716072
 31
0.0
  0
LINE
  5
1F8
330
1F
100
AcDbEntity
  8
0
 62
     7
370
    35
100
AcDbLine
 10
104.620285
 20
116.716072
 30
0.0
 11
105.570129
 21
114.658066
 31
0.0
  0
LINE
  5
1F9
330
1F
100
AcDbEntity
  8
0
 62
     7
370
    35
100
AcDbLine
 10
105.570129
 20
114.658066
 30
0.0
 11
105.411819
 21
112.758377
 31
0.0
  0
LINE
  5
1FA
330
1F
100
AcDbEntity
  8
0
 62
     7
370
    35
100
AcDbLine
 10
105.411819
 20
112.758377
 30
0.0
 11
104.620285
 21
111.333603
 31
0.0
  0
LINE
  5
1FB
330
1F
100
AcDbEntity
  8
0
 62
     7
370
    35
100
AcDbLine
 10
104.620285
 20
111.333603
 30
0.0
 11
103.670433
 21
111.175293
 31
0.0
  0
LINE
  5
1FC
330
1F
100
AcDbEntity
  8
0
 62
     7
370
    35
100
AcDbLine
 10
103.670433
 20
111.175293
 30
0.0
 11
103.670433
 21
112.679222
 31
0.0
  0
LINE
  5
1FD
330
1F
100
AcDbEntity
  8
0
 62
     7
370
    35
100
AcDbLine
 10
103.670433
 20
112.679222
 30
0.0
 11
104.620285
 21
114.658066
 31
0.0
  0
LINE
  5
1FE
330
1F
100
AcDbEntity
  8
0
 62
     7
370
    35
100
AcDbLine
 10
104.620285
 20
114.658066
 30
0.0
 11
105.095207
 21
115.92453
 31
0.0
  0
LINE
  5
1FF
330
1F
100
AcDbEntity
  8
0
 62
     7
370
    35
100
AcDbLine
 10
105.095207
 20
115.92453
 30
0.0
 11
104.699432
 21
116.795227
 31
0.0
  0
LINE
  5
200
330
1F
100
AcDbEntity
  8
0
 62
     7
370
    35
100
AcDbLine
 10
104.699432
 20
116.795227
 30
0.0
 11
103.037201
 21
117.982529
 31
0.0
  0
LINE
  5
201
330
1F
100
AcDbEntity
  8
0
 62
     7
370
    35
100
AcDbLine
 10
103.037201
 20
117.982529
 30
0.0
 11
102.720589
 21
116.874374
 31
0.0
  0
LINE
  5
202
330
1F
100
AcDbEntity
  8
0
 62
     7
370
    35
100
AcDbLine
 10
102.720589
 20
116.874374
 30
0.0
 11
102.166512
 21
114.737221
 31
0.0
  0
LINE
  5
203
330
1F
100
AcDbEntity
  8
0
 62
     7
370
    35
100
AcDbLine
 10
102.166512
 20
114.737221
 30
0.0
 11
101.849899
 21
112.520912
 31
0.0
  0
LINE
  5
204
330
1F
100
AcDbEntity
  8
0
 62
     7
370
    35
100
AcDbLine
 10
101.849899
 20
112.520912
 30
0.0
 11
101.691589
 21
111.175293
 31
0.0
  0
LINE
  5
205
330
1F
100
AcDbEntity
  8
0
 62
     7
370
    35
100
AcDbLine
 10
101.691589
 20
111.175293
 30
0.0
 11
101.770744
 21
110.225449
 31
0.0
  0
LINE
  5
206
330
1F
100
AcDbEntity
  8
0
 62
     7
370
    35
100
AcDbLine
 10
101.770744
 20
110.225449
 30
0.0
 11
102.562279
 21
108.721527
 31
0.0
  0
LINE
  5
207
330
1F
100
AcDbEntity
  8
0
 62
     7
370
    35
100
AcDbLine
 10
102.562279
 20
108.721527
 30
0.0
 11
104.145355
 21
107.85083
 31
0.0
  0
LINE
  5
208
330
1F
100
AcDbEntity
  8
0
 62
     7
370
    35
100
AcDbLine
 10
104.145355
 20
107.85083
 30
0.0
 11
105.728439
 21
107.534218
 31
0.0
  0
LINE
  5
209
330
1F
100
AcDbEntity
  8
0
 62
     7
370
    35
100
AcDbLine
 10
105.728439
 20
107.534218
 30
0.0
 11
107.786438
 21
108.246605
 31
0.0
  0
LINE
  5
20A
330
1F
100
AcDbEntity
  8
0
 62
     7
370
    35
100
AcDbLine
 10
107.786438
 20
108.246605
 30
0.0
 11
108.736282
 21
107.217598
 31
0.0
  0
LINE
  5
20B
330
1F
100
AcDbEntity
  8
0
 62
     7
370
    35
100
AcDbLine
 10
108.736282
 20
107.217598
 30
0.0
 11
109.765289
 21
105.634521
 31
0.0
  0
LINE
  5
20C
330
1F
100
AcDbEntity
  8
0
 62
     7
370
    35
100
AcDbLine
 10
109.765289
 20
105.634521
 30
0.0
 11
111.110901
 21
101.281059
 31
0.0
  0
LINE
  5
20D
330
1F
100
AcDbEntity
  8
0
 62
     7
370
    35
100
AcDbLine
 10
111.110901
 20
101.281059
 30
0.0
 11
111.823288
 21
97.402519
 31
0.0
  0
LINE
  5
20E
330
1F
100
AcDbEntity
  8
0
 62
     7
370
    35
100
AcDbLine
 10
111.823288
 20
97.402519
 30
0.0
 11
112.61483
 21
91.782593
 31
0.0
  0
LINE
  5
20F
330
1F
100
AcDbEntity
  8
0
 62
     7
370
    35
100
AcDbLine
 10
112.61483
 20
91.782593
 30
0.0
 11
112.535675
 21
90.199516
 31
0.0
  0
LINE
  5
210
330
1F
100
AcDbEntity
  8
0
 62
     7
370
    35
100
AcDbLine
 10
112.535675
 20
90.199516
 30
0.0
 11
113.406364
 21
85.766899
 31
0.0
  0
LINE
  5
211
330
1F
100
AcDbEntity
  8
0
 62
     7
370
    35
100
AcDbLine
 10
113.406364
 20
85.766899
 30
0.0
 11
117.205757
 21
77.851509
 31
0.0
  0
LINE
  5
212
330
1F
100
AcDbEntity
  8
0
 62
     7
370
    35
100
AcDbLine
 10
117.205757
 20
77.851509
 30
0.0
 11
119.263756
 21
74.210426
 31
0.0
  0
LINE
  5
213
330
1F
100
AcDbEntity
  8
0
 62
     7
370
    35
100
AcDbLine
 10
119.263756
 20
74.210426
 30
0.0
 11
120.53022
 21
72.706505
 31
0.0
  0
LINE
  5
214
330
1F
100
AcDbEntity
  8
0
 62
     7
370
    35
100
AcDbLine
 10
120.53022
 20
72.706505
 30
0.0
 11
120.292755
 21
77.851509
 31
0.0
  0
LINE
  5
215
330
1F
100
AcDbEntity
  8
0
 62
     7
370
    35
100
AcDbLine
 10
120.292755
 20
77.851509
 30
0.0
 11
120.767677
 21
90.832748
 31
0.0
  0
LINE
  5
216
330
1F
100
AcDbEntity
  8
0
 62
     7
370
    35
100
AcDbLine
 10
120.767677
 20
90.832748
 30
0.0
 11
121.005142
 21
97.639984
 31
0.0
  0
LINE
  5
217
330
1F
100
AcDbEntity
  8
0
 62
     7
370
    35
100
AcDbLine
 10
121.005142
 20
97.639984
 30
0.0
 11
121.005142
 21
99.856293
 31
0.0
  0
LINE
  5
218
330
1F
100
AcDbEntity
  8
0
 62
     7
370
    35
100
AcDbLine
 10
121.005142
 20
99.856293
 30
0.0
 11
119.659523
 21
98.906441
 31
0.0
  0
LINE
  5
219
330
1F
100
AcDbEntity
  8
0
 62
     7
370
    35
100
AcDbLine
 10
119.659523
 20
98.906441
 30
0.0
 11
117.443214
 21
97.244209
 31
0.0
  0
LINE
  5
21A
330
1F
100
AcDbEntity
  8
0
 62
     7
370
    35
100
AcDbLine
 10
117.443214
 20
97.244209
 30
0.0
 11
115.385216
 21
95.186211
 31
0.0
  0
LINE
  5
21B
330
1F
100
AcDbEntity
  8
0
 62
     7
370
    35
100
AcDbLine
 10
115.385216
 20
95.186211
 30
0.0
 11
113.327209
 21
92.33667
 31
0.0
  0
LINE
  5
21C
330
1F
100
AcDbEntity
  8
0
 62
     7
370
    35
100
AcDbLine
 10
113.327209
 20
92.33667
 30
0.0
 11
112.852287
 21
91.070206
 31
0.0
  0
LINE
  5
21D
330
1F
100
AcDbEntity
  8
0
 62
     7
370
    35
100
AcDbLine
 10
145.611008
 20
199.993515
 30
0.0
 11
140.426559
 21
201.808075
 31
0.0
  0
LINE
  5
21E
330
1F
100
AcDbEntity
  8
0
 62
     7
370
    35
100
AcDbLine
 10
140.426559
 20
201.808075
 30
0.0
 11
133.168304
 21
203.752243
 31
0.0
  0
LINE
  5
21F
330
1F
100
AcDbEntity
  8
0
 62
     7
370
    35
100
AcDbLine
 10
133.168304
 20
203.752243
 30
0.0
 11
127.270988
 21
203.104187
 31
0.0
  0
LINE
  5
220
330
1F
100
AcDbEntity
  8
0
 62
     7
370
    35
100
AcDbLine
 10
127.270988
 20
203.104187
 30
0.0
 11
120.660805
 21
200.706375
 31
0.0
  0
LINE
  5
221
330
1F
100
AcDbEntity
  8
0
 62
     7
370
    35
100
AcDbLine
 10
120.660805
 20
200.706375
 30
0.0
 11
115.217125
 21
198.567795
 31
0.0
  0
ARC
  5
222
330
1F
100
AcDbEntity
  8
0
 62
     7
370
    35
100
AcDbCircle
 10
117.487839
 20
192.787766
 30
0.0
 40
6.210063457489014
100
AcDbArc
 50
111.447664
 51
138.743887
  0
LINE
  5
223
330
1F
100
AcDbEntity
  8
0
 62
     7
370
    35
100
AcDbLine
 10
112.819305
 20
196.882843
 30
0.0
 11
124.095505
 21
201.160019
 31
0.0
  0
LINE
  5
224
330
1F
100
AcDbEntity
  8
0
 62
     7
370
    35
100
AcDbLine
 10
124.095505
 20
201.160019
 30
0.0
 11
128.307877
 21
201.289627
 31
0.0
  0
LINE
  5
225
330
1F
100
AcDbEntity
  8
0
 62
     7
370
    35
100
AcDbLine
 10
128.307877
 20
201.289627
 30
0.0
 11
134.529236
 21
200.511963
 31
0.0
  0
LINE
  5
226
330
1F
100
AcDbEntity
  8
0
 62
     7
370
    35
100
AcDbLine
 10
134.529236
 20
200.511963
 30
0.0
 11
138.417572
 21
199.151047
 31
0.0
  0
LINE
  5
227
330
1F
100
AcDbEntity
  8
0
 62
     7
370
    35
100
AcDbLine
 10
138.417572
 20
199.151047
 30
0.0
 11
141.657867
 21
197.401291
 31
0.0
  0
LINE
  5
228
330
1F
100
AcDbEntity
  8
0
 62
     7
370
    35
100
AcDbLine
 10
141.657867
 20
197.401291
 30
0.0
 11
143.861252
 21
196.234787
 31
0.0
  0
LINE
  5
229
330
1F
100
AcDbEntity
  8
0
 62
     7
370
    35
100
AcDbLine
 10
143.861252
 20
196.234787
 30
0.0
 11
144.833344
 21
195.262695
 31
0.0
  0
LINE
  5
22A
330
1F
100
AcDbEntity
  8
0
 62
     7
370
    35
100
AcDbLine
 10
144.833344
 20
195.262695
 30
0.0
 11
145.09256
 21
195.133087
 31
0.0
  0
LINE
  5
22B
330
1F
100
AcDbEntity
  8
0
 62
     7
370
    35
100
AcDbLine
 10
138.352341
 20
189.840073
 30
0.0
 11
136.667389
 21
186.664597
 31
0.0
  0
LINE
  5
22C
330
1F
100
AcDbEntity
  8
0
 62
     7
370
    35
100
AcDbLine
 10
136.667389
 20
186.664597
 30
0.0
 11
133.880737
 21
182.517029
 31
0.0
  0
LINE
  5
22D
330
1F
100
AcDbEntity
  8
0
 62
     7
370
    35
100
AcDbLine
 10
133.880737
 20
182.517029
 30
0.0
 11
131.612534
 21
177.786209
 31
0.0
  0
LINE
  5
22E
330
1F
100
AcDbEntity
  8
0
 62
     7
370
    35
100
AcDbLine
 10
131.612534
 20
177.786209
 30
0.0
 11
128.696274
 21
170.074326
 31
0.0
  0
LINE
  5
22F
330
1F
100
AcDbEntity
  8
0
 62
     7
370
    35
100
AcDbLine
 10
128.696274
 20
170.074326
 30
0.0
 11
126.233658
 21
161.131149
 31
0.0
  0
LINE
  5
230
330
1F
100
AcDbEntity
  8
0
 62
     7
370
    35
100
AcDbLine
 10
126.233658
 20
161.131149
 30
0.0
 11
124.419098
 21
147.845978
 31
0.0
  0
LINE
  5
231
330
1F
100
AcDbEntity
  8
0
 62
     7
370
    35
100
AcDbLine
 10
124.419098
 20
147.845978
 30
0.0
 11
122.539734
 21
130.737259
 31
0.0
  0
LINE
  5
232
330
1F
100
AcDbEntity
  8
0
 62
     7
370
    35
100
AcDbLine
 10
122.539734
 20
130.737259
 30
0.0
 11
121.56765
 21
109.999435
 31
0.0
  0
LINE
  5
233
330
1F
100
AcDbEntity
  8
0
 62
     7
370
    35
100
AcDbLine
 10
181.020416
 20
201.337524
 30
0.0
 11
179.008408
 21
203.786926
 31
0.0
  0
LINE
  5
234
330
1F
100
AcDbEntity
  8
0
 62
     7
370
    35
100
AcDbLine
 10
179.008408
 20
203.786926
 30
0.0
 11
176.29657
 21
206.148849
 31
0.0
  0
LINE
  5
235
330
1F
100
AcDbEntity
  8
0
 62
     7
370
    35
100
AcDbLine
 10
176.29657
 20
206.148849
 30
0.0
 11
173.497253
 21
207.111115
 31
0.0
  0
LINE
  5
236
330
1F
100
AcDbEntity
  8
0
 62
     7
370
    35
100
AcDbLine
 10
173.497253
 20
207.111115
 30
0.0
 11
172.797424
 21
206.936157
 31
0.0
  0
LINE
  5
237
330
1F
100
AcDbEntity
  8
0
 62
     7
370
    35
100
AcDbLine
 10
172.797424
 20
206.936157
 30
0.0
 11
172.360031
 21
205.973892
 31
0.0
  0
LINE
  5
238
330
1F
100
AcDbEntity
  8
0
 62
     7
370
    35
100
AcDbLine
 10
172.360031
 20
205.973892
 30
0.0
 11
173.147339
 21
203.961884
 31
0.0
  0
LINE
  5
239
330
1F
100
AcDbEntity
  8
0
 62
     7
370
    35
100
AcDbLine
 10
173.147339
 20
203.961884
 30
0.0
 11
174.459518
 21
202.474747
 31
0.0
  0
LINE
  5
23A
330
1F
100
AcDbEntity
  8
0
 62
     7
370
    35
100
AcDbLine
 10
167.28627
 20
206.936157
 30
0.0
 11
168.510971
 21
207.198593
 31
0.0
  0
LINE
  5
23B
330
1F
100
AcDbEntity
  8
0
 62
     7
370
    35
100
AcDbLine
 10
168.510971
 20
207.198593
 30
0.0
 11
166.061569
 21
206.936157
 31
0.0
  0
LINE
  5
23C
330
1F
100
AcDbEntity
  8
0
 62
     7
370
    35
100
AcDbLine
 10
166.061569
 20
206.936157
 30
0.0
 11
162.387466
 21
207.198593
 31
0.0
  0
LINE
  5
23D
330
1F
100
AcDbEntity
  8
0
 62
     7
370
    35
100
AcDbLine
 10
162.387466
 20
207.198593
 30
0.0
 11
160.375473
 21
206.7612
 31
0.0
  0
LINE
  5
23E
330
1F
100
AcDbEntity
  8
0
 62
     7
370
    35
100
AcDbLine
 10
160.375473
 20
206.7612
 30
0.0
 11
158.363464
 21
205.973892
 31
0.0
  0
LINE
  5
23F
330
1F
100
AcDbEntity
  8
0
 62
     7
370
    35
100
AcDbLine
 10
158.363464
 20
205.973892
 30
0.0
 11
157.751114
 21
204.399277
 31
0.0
  0
LINE
  5
240
330
1F
100
AcDbEntity
  8
0
 62
     7
370
    35
100
AcDbLine
 10
157.751114
 20
204.399277
 30
0.0
 11
157.051285
 21
202.737183
 31
0.0
  0
LINE
  5
241
330
1F
100
AcDbEntity
  8
0
 62
     7
370
    35
100
AcDbLine
 10
157.051285
 20
202.737183
 30
0.0
 11
156.876328
 21
201.512482
 31
0.0
  0
LINE
  5
242
330
1F
100
AcDbEntity
  8
0
 62
     7
370
    35
100
AcDbLine
 10
161.250259
 20
205.798935
 30
0.0
 11
164.137039
 21
203.699448
 31
0.0
  0
LINE
  5
243
330
1F
100
AcDbEntity
  8
0
 62
     7
370
    35
100
AcDbLine
 10
164.137039
 20
203.699448
 30
0.0
 11
164.924347
 21
202.299789
 31
0.0
  0
LINE
  5
244
330
1F
100
AcDbEntity
  8
0
 62
     7
370
    35
100
AcDbLine
 10
164.924347
 20
202.299789
 30
0.0
 11
163.174774
 21
202.299789
 31
0.0
  0
LINE
  5
245
330
1F
100
AcDbEntity
  8
0
 62
     7
370
    35
100
AcDbLine
 10
163.174774
 20
202.299789
 30
0.0
 11
162.474945
 21
203.52449
 31
0.0
  0
LINE
  5
246
330
1F
100
AcDbEntity
  8
0
 62
     7
370
    35
100
AcDbLine
 10
162.474945
 20
203.52449
 30
0.0
 11
160.637909
 21
204.486755
 31
0.0
  0
LINE
  5
247
330
1F
100
AcDbEntity
  8
0
 62
     7
370
    35
100
AcDbLine
 10
160.637909
 20
204.486755
 30
0.0
 11
159.325729
 21
203.874405
 31
0.0
  0
LINE
  5
248
330
1F
100
AcDbEntity
  8
0
 62
     7
370
    35
100
AcDbLine
 10
159.325729
 20
203.874405
 30
0.0
 11
158.9758
 21
202.737183
 31
0.0
  0
LINE
  5
249
330
1F
100
AcDbEntity
  8
0
 62
     7
370
    35
100
AcDbLine
 10
158.9758
 20
202.737183
 30
0.0
 11
158.800858
 21
202.037354
 31
0.0
  0
LINE
  5
24A
330
1F
100
AcDbEntity
  8
0
 62
     7
370
    35
100
AcDbLine
 10
180.932938
 20
200.900131
 30
0.0
 11
174.809433
 21
201.774918
 31
0.0
  0
LINE
  5
24B
330
1F
100
AcDbEntity
  8
0
 62
     7
370
    35
100
AcDbLine
 10
174.809433
 20
201.774918
 30
0.0
 11
173.584732
 21
203.611969
 31
0.0
  0
LINE
  5
24C
330
1F
100
AcDbEntity
  8
0
 62
     7
370
    35
100
AcDbLine
 10
173.584732
 20
203.611969
 30
0.0
 11
173.05986
 21
204.574234
 31
0.0
  0
LINE
  5
24D
330
1F
100
AcDbEntity
  8
0
 62
     7
370
    35
100
AcDbLine
 10
181.232712
 20
188.317978
 30
0.0
 11
174.367386
 21
186.349609
 31
0.0
  0
LINE
  5
24E
330
1F
100
AcDbEntity
  8
0
 62
     7
370
    35
100
AcDbLine
 10
174.367386
 20
186.349609
 30
0.0
 11
168.078171
 21
183.757111
 31
0.0
  0
LINE
  5
24F
330
1F
100
AcDbEntity
  8
0
 62
     7
370
    35
100
AcDbLine
 10
168.078171
 20
183.757111
 30
0.0
 11
162.317062
 21
179.676315
 31
0.0
  0
LINE
  5
250
330
1F
100
AcDbEntity
  8
0
 62
     7
370
    35
100
AcDbLine
 10
162.317062
 20
179.676315
 30
0.0
 11
154.059464
 21
171.370728
 31
0.0
  0
LINE
  5
251
330
1F
100
AcDbEntity
  8
0
 62
     7
370
    35
100
AcDbLine
 10
154.059464
 20
171.370728
 30
0.0
 11
149.066498
 21
163.545227
 31
0.0
  0
LINE
  5
252
330
1F
100
AcDbEntity
  8
0
 62
     7
370
    35
100
AcDbLine
 10
149.066498
 20
163.545227
 30
0.0
 11
144.697662
 21
154.807541
 31
0.0
  0
LINE
  5
253
330
1F
100
AcDbEntity
  8
0
 62
     7
370
    35
100
AcDbLine
 10
144.697662
 20
154.807541
 30
0.0
 11
140.952942
 21
144.533569
 31
0.0
  0
LINE
  5
254
330
1F
100
AcDbEntity
  8
0
 62
     7
370
    35
100
AcDbLine
 10
140.952942
 20
144.533569
 30
0.0
 11
138.777969
 21
138.250092
 31
0.0
  0
LINE
  5
255
330
1F
100
AcDbEntity
  8
0
 62
     7
370
    35
100
AcDbLine
 10
138.777969
 20
138.250092
 30
0.0
 11
136.325623
 21
129.591797
 31
0.0
  0
LINE
  5
256
330
1F
100
AcDbEntity
  8
0
 62
     7
370
    35
100
AcDbLine
 10
136.325623
 20
129.591797
 30
0.0
 11
133.022461
 21
116.629364
 31
0.0
  0
LINE
  5
257
330
1F
100
AcDbEntity
  8
0
 62
     7
370
    35
100
AcDbLine
 10
133.022461
 20
116.629364
 30
0.0
 11
130.870392
 21
106.119286
 31
0.0
  0
LINE
  5
258
330
1F
100
AcDbEntity
  8
0
 62
     7
370
    35
100
AcDbLine
 10
130.870392
 20
106.119286
 30
0.0
 11
136.575867
 21
103.967216
 31
0.0
  0
LINE
  5
259
330
1F
100
AcDbEntity
  8
0
 62
     7
370
    35
100
AcDbLine
 10
136.575867
 20
103.967216
 30
0.0
 11
140.729843
 21
103.366646
 31
0.0
  0
LINE
  5
25A
330
1F
100
AcDbEntity
  8
0
 62
     7
370
    35
100
AcDbLine
 10
140.729843
 20
103.366646
 30
0.0
 11
145.234161
 21
103.016304
 31
0.0
  0
LINE
  5
25B
330
1F
100
AcDbEntity
  8
0
 62
     7
370
    35
100
AcDbLine
 10
145.234161
 20
103.016304
 30
0.0
 11
150.088821
 21
102.766068
 31
0.0
  0
LINE
  5
25C
330
1F
100
AcDbEntity
  8
0
 62
     7
370
    35
100
AcDbLine
 10
150.088821
 20
102.766068
 30
0.0
 11
153.442047
 21
103.016304
 31
0.0
  0
LINE
  5
25D
330
1F
100
AcDbEntity
  8
0
 62
     7
370
    35
100
AcDbLine
 10
153.442047
 20
103.016304
 30
0.0
 11
154.292862
 21
103.266548
 31
0.0
  0
LINE
  5
25E
330
1F
100
AcDbEntity
  8
0
 62
     7
370
    35
100
AcDbLine
 10
154.292862
 20
103.266548
 30
0.0
 11
154.39296
 21
105.718903
 31
0.0
  0
LINE
  5
25F
330
1F
100
AcDbEntity
  8
0
 62
     7
370
    35
100
AcDbLine
 10
154.39296
 20
105.718903
 30
0.0
 11
154.543091
 21
107.770866
 31
0.0
  0
LINE
  5
260
330
1F
100
AcDbEntity
  8
0
 62
     7
370
    35
100
AcDbLine
 10
163.644608
 20
142.840042
 30
0.0
 11
166.198013
 21
133.81189
 31
0.0
  0
LINE
  5
261
330
1F
100
AcDbEntity
  8
0
 62
     7
370
    35
100
AcDbLine
 10
166.198013
 20
133.81189
 30
0.0
 11
170.119339
 21
130.802505
 31
0.0
  0
LINE
  5
262
330
1F
100
AcDbEntity
  8
0
 62
     7
370
    35
100
AcDbLine
 10
170.119339
 20
130.802505
 30
0.0
 11
174.587814
 21
130.984894
 31
0.0
  0
LINE
  5
263
330
1F
100
AcDbEntity
  8
0
 62
     7
370
    35
100
AcDbLine
 10
174.587814
 20
130.984894
 30
0.0
 11
182.43045
 21
132.899963
 31
0.0
  0
LINE
  5
264
330
1F
100
AcDbEntity
  8
0
 62
     7
370
    35
100
AcDbLine
 10
182.43045
 20
132.899963
 30
0.0
 11
192.552917
 21
134.541443
 31
0.0
  0
LINE
  5
265
330
1F
100
AcDbEntity
  8
0
 62
     7
370
    35
100
AcDbLine
 10
192.552917
 20
134.541443
 30
0.0
 11
205.684769
 21
137.003662
 31
0.0
  0
LINE
  5
266
330
1F
100
AcDbEntity
  8
0
 62
     7
370
    35
100
AcDbLine
 10
205.684769
 20
137.003662
 30
0.0
 11
212.797852
 21
138.918732
 31
0.0
  0
LINE
  5
267
330
1F
100
AcDbEntity
  8
0
 62
     7
370
    35
100
AcDbLine
 10
212.797852
 20
138.918732
 30
0.0
 11
215.716034
 21
140.469009
 31
0.0
  0
LINE
  5
268
330
1F
100
AcDbEntity
  8
0
 62
     7
370
    35
100
AcDbLine
 10
215.716034
 20
140.469009
 30
0.0
 11
217.17514
 21
144.755096
 31
0.0
  0
LINE
  5
269
330
1F
100
AcDbEntity
  8
0
 62
     7
370
    35
100
AcDbLine
 10
217.17514
 20
144.755096
 30
0.0
 11
216.719162
 21
153.874451
 31
0.0
  0
LINE
  5
26A
330
1F
100
AcDbEntity
  8
0
 62
     7
370
    35
100
AcDbLine
 10
216.719162
 20
153.874451
 30
0.0
 11
215.624847
 21
160.075592
 31
0.0
  0
LINE
  5
26B
330
1F
100
AcDbEntity
  8
0
 62
     7
370
    35
100
AcDbLine
 10
215.624847
 20
160.075592
 30
0.0
 11
214.712906
 21
163.814529
 31
0.0
  0
LINE
  5
26C
330
1F
100
AcDbEntity
  8
0
 62
     7
370
    35
100
AcDbLine
 10
214.712906
 20
163.814529
 30
0.0
 11
212.70665
 21
168.374207
 31
0.0
  0
LINE
  5
26D
330
1F
100
AcDbEntity
  8
0
 62
     7
370
    35
100
AcDbLine
 10
212.70665
 20
168.374207
 30
0.0
 11
208.602951
 21
170.289261
 31
0.0
  0
LINE
  5
26E
330
1F
100
AcDbEntity
  8
0
 62
     7
370
    35
100
AcDbLine
 10
208.602951
 20
170.289261
 30
0.0
 11
191.549789
 21
167.462265
 31
0.0
  0
LINE
  5
26F
330
1F
100
AcDbEntity
  8
0
 62
     7
370
    35
100
AcDbLine
 10
191.549789
 20
167.462265
 30
0.0
 11
173.584686
 21
164.726456
 31
0.0
  0
LINE
  5
270
330
1F
100
AcDbEntity
  8
0
 62
     7
370
    35
100
AcDbLine
 10
173.584686
 20
164.726456
 30
0.0
 11
167.38353
 21
163.358566
 31
0.0
  0
LINE
  5
271
330
1F
100
AcDbEntity
  8
0
 62
     7
370
    35
100
AcDbLine
 10
167.38353
 20
163.358566
 30
0.0
 11
164.465347
 21
162.629013
 31
0.0
  0
LINE
  5
272
330
1F
100
AcDbEntity
  8
0
 62
     7
370
    35
100
AcDbLine
 10
164.465347
 20
162.629013
 30
0.0
 11
161.638351
 21
159.802017
 31
0.0
  0
LINE
  5
273
330
1F
100
AcDbEntity
  8
0
 62
     7
370
    35
100
AcDbLine
 10
161.638351
 20
159.802017
 30
0.0
 11
159.814484
 21
152.597733
 31
0.0
  0
LINE
  5
274
330
1F
100
AcDbEntity
  8
0
 62
     7
370
    35
100
AcDbLine
 10
159.814484
 20
152.597733
 30
0.0
 11
159.996857
 21
142.748856
 31
0.0
  0
LINE
  5
275
330
1F
100
AcDbEntity
  8
0
 62
     7
370
    35
100
AcDbLine
 10
159.996857
 20
142.748856
 30
0.0
 11
161.091187
 21
138.00679
 31
0.0
  0
LINE
  5
276
330
1F
100
AcDbEntity
  8
0
 62
     7
370
    35
100
AcDbLine
 10
161.091187
 20
138.00679
 30
0.0
 11
164.009369
 21
132.717575
 31
0.0
  0
LINE
  5
277
330
1F
100
AcDbEntity
  8
0
 62
     7
370
    35
100
AcDbLine
 10
164.009369
 20
132.717575
 30
0.0
 11
166.745178
 21
130.528931
 31
0.0
  0
LINE
  5
278
330
1F
100
AcDbEntity
  8
0
 62
     7
370
    35
100
AcDbLine
 10
166.745178
 20
130.528931
 30
0.0
 11
170.4841
 21
130.620132
 31
0.0
  0
LINE
  5
279
330
1F
100
AcDbEntity
  8
0
 62
     7
370
    35
100
AcDbLine
 10
170.4841
 20
130.620132
 30
0.0
 11
165.559662
 21
133.173538
 31
0.0
  0
LINE
  5
27A
330
1F
100
AcDbEntity
  8
0
 62
     7
370
    35
100
AcDbLine
 10
165.559662
 20
133.173538
 30
0.0
 11
163.553406
 21
136.912476
 31
0.0
  0
LINE
  5
27B
330
1F
100
AcDbEntity
  8
0
 62
     7
370
    35
100
AcDbLine
 10
163.553406
 20
136.912476
 30
0.0
 11
161.729538
 21
143.751984
 31
0.0
  0
LINE
  5
27C
330
1F
100
AcDbEntity
  8
0
 62
     7
370
    35
100
AcDbLine
 10
161.729538
 20
143.751984
 30
0.0
 11
161.455963
 21
149.861938
 31
0.0
  0
LINE
  5
27D
330
1F
100
AcDbEntity
  8
0
 62
     7
370
    35
100
AcDbLine
 10
161.455963
 20
149.861938
 30
0.0
 11
161.911926
 21
155.971893
 31
0.0
  0
LINE
  5
27E
330
1F
100
AcDbEntity
  8
0
 62
     7
370
    35
100
AcDbLine
 10
161.911926
 20
155.971893
 30
0.0
 11
164.374146
 21
160.896332
 31
0.0
  0
LINE
  5
27F
330
1F
100
AcDbEntity
  8
0
 62
     7
370
    35
100
AcDbLine
 10
164.374146
 20
160.896332
 30
0.0
 11
166.836365
 21
163.358566
 31
0.0
  0
LINE
  5
280
330
1F
100
AcDbEntity
  8
0
 62
     7
370
    35
100
AcDbLine
 10
105.62719
 20
110.941696
 30
0.0
 11
109.275314
 21
109.387871
 31
0.0
  0
LINE
  5
281
330
1F
100
AcDbEntity
  8
0
 62
     7
370
    35
100
AcDbLine
 10
109.275314
 20
109.387871
 30
0.0
 11
112.653198
 21
105.064171
 31
0.0
  0
LINE
  5
282
330
1F
100
AcDbEntity
  8
0
 62
     7
370
    35
100
AcDbLine
 10
112.653198
 20
105.064171
 30
0.0
 11
114.34214
 21
102.496979
 31
0.0
  0
LINE
  5
283
330
1F
100
AcDbEntity
  8
0
 62
     7
370
    35
100
AcDbLine
 10
114.34214
 20
102.496979
 30
0.0
 11
116.098648
 21
100.335129
 31
0.0
  0
LINE
  5
284
330
1F
100
AcDbEntity
  8
0
 62
     7
370
    35
100
AcDbLine
 10
116.098648
 20
100.335129
 30
0.0
 11
117.247124
 21
96.957245
 31
0.0
  0
LINE
  5
285
330
1F
100
AcDbEntity
  8
0
 62
     7
370
    35
100
AcDbLine
 10
117.247124
 20
96.957245
 30
0.0
 11
115.828415
 21
95.268295
 31
0.0
  0
LINE
  5
286
330
1F
100
AcDbEntity
  8
0
 62
     7
370
    35
100
AcDbLine
 10
115.828415
 20
95.268295
 30
0.0
 11
115.152832
 21
97.63282
 31
0.0
  0
LINE
  5
287
330
1F
100
AcDbEntity
  8
0
 62
     7
370
    35
100
AcDbLine
 10
115.152832
 20
97.63282
 30
0.0
 11
113.936798
 21
102.361862
 31
0.0
  0
LINE
  5
288
330
1F
100
AcDbEntity
  8
0
 62
     7
370
    35
100
AcDbLine
 10
113.936798
 20
102.361862
 30
0.0
 11
113.599007
 21
103.577904
 31
0.0
  0
LINE
  5
289
330
1F
100
AcDbEntity
  8
0
 62
     7
370
    35
100
AcDbLine
 10
127.506386
 20
107.00592
 30
0.0
 11
124.453453
 21
108.056931
 31
0.0
  0
LINE
  5
28A
330
1F
100
AcDbEntity
  8
0
 62
     7
370
    35
100
AcDbLine
 10
124.453453
 20
108.056931
 30
0.0
 11
122.051155
 21
109.157982
 31
0.0
  0
LINE
  5
28B
330
1F
100
AcDbEntity
  8
0
 62
     7
370
    35
100
AcDbLine
 10
122.051155
 20
109.157982
 30
0.0
 11
121.600723
 21
109.558372
 31
0.0
  0
LINE
  5
28C
330
1F
100
AcDbEntity
  8
0
 62
     7
370
    35
100
AcDbLine
 10
204.46315
 20
186.975082
 30
0.0
 11
201.319839
 21
188.017624
 31
0.0
  0
LINE
  5
28D
330
1F
100
AcDbEntity
  8
0
 62
     7
370
    35
100
AcDbLine
 10
201.319839
 20
188.017624
 30
0.0
 11
199.518112
 21
189.118683
 31
0.0
  0
LINE
  5
28E
330
1F
100
AcDbEntity
  8
0
 62
     7
370
    35
100
AcDbLine
 10
199.518112
 20
189.118683
 30
0.0
 11
196.264984
 21
189.919449
 31
0.0
  0
ARC
  5
28F
330
1F
100
AcDbEntity
  8
0
 62
     7
370
    35
100
AcDbCircle
 10
173.620239
 20
97.924706
 30
0.0
 40
94.74079132080078
100
AcDbArc
 50
76.171417
 51
78.220098
  0
LINE
  5
290
330
1F
100
AcDbEntity
  8
0
 62
     7
370
    35
100
AcDbLine
 10
192.961823
 20
190.670166
 30
0.0
 11
194.463257
 21
191.020508
 31
0.0
  0
LINE
  5
291
330
1F
100
AcDbEntity
  8
0
 62
     7
370
    35
100
AcDbLine
 10
194.463257
 20
191.020508
 30
0.0
 11
190.659607
 21
192.021469
 31
0.0
  0
LINE
  5
292
330
1F
100
AcDbEntity
  8
0
 62
     7
370
    35
100
AcDbLine
 10
190.659607
 20
192.021469
 30
0.0
 11
188.957977
 21
192.171616
 31
0.0
  0
LINE
  5
293
330
1F
100
AcDbEntity
  8
0
 62
     7
370
    35
100
AcDbLine
 10
188.957977
 20
192.171616
 30
0.0
 11
191.860764
 21
191.871323
 31
0.0
  0
LINE
  5
294
330
1F
100
AcDbEntity
  8
0
 62
     7
370
    35
100
AcDbLine
 10
191.860764
 20
191.871323
 30
0.0
 11
195.964706
 21
190.770264
 31
0.0
  0
LINE
  5
295
330
1F
100
AcDbEntity
  8
0
 62
     7
370
    35
100
AcDbLine
 10
195.964706
 20
190.770264
 30
0.0
 11
198.717346
 21
189.8694
 31
0.0
  0
LINE
  5
296
330
1F
100
AcDbEntity
  8
0
 62
     7
370
    35
100
AcDbLine
 10
198.717346
 20
189.8694
 30
0.0
 11
202.97142
 21
187.467102
 31
0.0
  0
LINE
  5
297
330
1F
100
AcDbEntity
  8
0
 62
     7
370
    35
100
AcDbLine
 10
202.97142
 20
187.467102
 30
0.0
 11
195.81456
 21
190.069595
 31
0.0
  0
LINE
  5
298
330
1F
100
AcDbEntity
  8
0
 62
     7
370
    35
100
AcDbLine
 10
195.81456
 20
190.069595
 30
0.0
 11
190.609558
 21
190.92041
 31
0.0
  0
LINE
  5
299
330
1F
100
AcDbEntity
  8
0
 62
     7
370
    35
100
AcDbLine
 10
208.069794
 20
182.865326
 30
0.0
 11
204.427109
 21
185.779465
 31
0.0
  0
LINE
  5
29A
330
1F
100
AcDbEntity
  8
0
 62
     7
370
    35
100
AcDbLine
 10
188.793945
 20
189.482864
 30
0.0
 11
184.544159
 21
188.875748
 31
0.0
  0
LINE
  5
29B
330
1F
100
AcDbEntity
  8
0
 62
     7
370
    35
100
AcDbLine
 10
186.274429
 20
190.575668
 30
0.0
 11
184.938782
 21
190.514954
 31
0.0
  0
LINE
  5
29C
330
1F
100
AcDbEntity
  8
0
 62
     7
370
    35
100
AcDbLine
 10
186.547623
 20
191.668472
 30
0.0
 11
184.604858
 21
191.668472
 31
0.0
  0
LINE
  5
29D
330
1F
100
AcDbEntity
  8
0
 62
     7
370
    35
100
AcDbLine
 10
121.534439
 20
109.252007
 30
0.0
 11
121.129089
 21
103.104256
 31
0.0
  0
LINE
  5
29E
330
1F
100
AcDbEntity
  8
0
 62
     7
370
    35
100
AcDbLine
 10
121.129089
 20
103.104256
 30
0.0
 11
121.129089
 21
98.10498
 31
0.0
  0
LINE
  5
29F
330
1F
100
AcDbEntity
  8
0
 62
     7
370
    35
100
AcDbLine
 10
154.148529
 20
200.247681
 30
0.0
 11
149.143723
 21
197.845383
 31
0.0
  0
ARC
  5
2A0
330
1F
100
AcDbEntity
  8
0
 62
     7
370
    35
100
AcDbCircle
 10
162.6754
 20
169.654297
 30
0.0
 40
31.27049446105957
100
AcDbArc
 50
115.640922
 51
124.441908
  0
LINE
  5
2A1
330
1F
100
AcDbEntity
  8
0
 62
     7
370
    35
100
AcDbLine
 10
144.989731
 20
195.443069
 30
0.0
 11
142.387238
 21
193.74144
 31
0.0
  0
LINE
  5
2A2
330
1F
100
AcDbEntity
  8
0
 62
     7
370
    35
100
AcDbLine
 10
142.387238
 20
193.74144
 30
0.0
 11
139.934891
 21
191.289093
 31
0.0
  0
LINE
  5
2A3
330
1F
100
AcDbEntity
  8
0
 62
     7
370
    35
100
AcDbLine
 10
139.934891
 20
191.289093
 30
0.0
 11
138.333344
 21
189.137024
 31
0.0
  0
LINE
  5
2A4
330
1F
100
AcDbEntity
  8
0
 62
     7
370
    35
100
AcDbLine
 10
151.964615
 20
202.720688
 30
0.0
 11
153.831177
 21
200.107483
 31
0.0
  0
LINE
  5
2A5
330
1F
100
AcDbEntity
  8
0
 62
     7
370
    35
100
AcDbLine
 10
149.920517
 20
200.051865
 30
0.0
 11
151.73584
 21
202.527328
 31
0.0
  0
LINE
  5
2A6
330
1F
100
AcDbEntity
  8
0
 62
     7
370
    35
100
AcDbLine
 10
167.908829
 20
203.930084
 30
0.0
 11
161.225098
 21
205.827942
 31
0.0
  0
LINE
  5
2A7
330
1F
100
AcDbEntity
  8
0
 62
     7
370
    35
100
AcDbLine
 10
155.449036
 20
205.415359
 30
0.0
 11
152.065903
 21
202.774872
 31
0.0
  0
LINE
  5
2A8
330
1F
100
AcDbEntity
  8
0
 62
     7
370
    35
100
AcDbLine
 10
155.531555
 20
205.415359
 30
0.0
 11
158.58461
 21
206.15799
 31
0.0
  0
LINE
  5
2A9
330
1F
100
AcDbEntity
  8
0
 62
     7
370
    35
100
AcDbLine
 10
162.317062
 20
179.676315
 30
0.0
 11
162.6754
 21
169.654297
 31
0.0
  0
LINE
  5
2AA
330
1F
100
AcDbEntity
  8
0
 62
     7
370
    35
100
AcDbLine
 10
162.6754
 20
169.654297
 30
0.0
 11
154.075073
 21
171.241684
 31
0.0
  0
LINE
  5
2AB
330
1F
100
AcDbEntity
  8
0
 62
     7
370
    35
100
AcDbLine
 10
173.620239
 20
97.924706
 30
0.0
 11
179.925705
 21
108.092262
 31
0.0
  0
LINE
  5
2AC
330
1F
100
AcDbEntity
  8
0
 62
     7
370
    35
100
AcDbLine
 10
179.925705
 20
108.092262
 30
0.0
 11
173.620239
 21
97.924706
 31
0.0
  0
LINE
  5
2AD
330
1F
100
AcDbEntity
  8
0
 62
     7
370
    35
100
AcDbLine
 10
173.620239
 20
97.924706
 30
0.0
 11
162.938141
 21
105.999588
 31
0.0
  0
LINE
  5
2AE
330
1F
100
AcDbEntity
  8
0
 62
     7
370
    35
100
AcDbLine
 10
160.351318
 20
219.396515
 30
0.0
 11
161.574783
 21
222.037338
 31
0.0
  0
LINE
  5
2AF
330
1F
100
AcDbEntity
  8
0
 62
     7
370
    35
100
AcDbLine
 10
160.351318
 20
219.396515
 30
0.0
 11
164.583313
 21
220.432785
 31
0.0
  0
LINE
  5
2B0
330
1F
100
AcDbEntity
  8
0
 62
     7
370
    35
100
AcDbLine
 10
164.583313
 20
220.432785
 30
0.0
 11
166.789566
 21
219.296234
 31
0.0
  0
LINE
  5
2B1
330
1F
100
AcDbEntity
  8
0
 62
     7
370
    35
100
AcDbLine
 10
166.789566
 20
219.296234
 30
0.0
 11
163.869797
 21
217.97142
 31
0.0
  0
LINE
  5
2B2
330
1F
100
AcDbEntity
  8
0
 62
     7
370
    35
100
AcDbLine
 10
163.869797
 20
217.97142
 30
0.0
 11
164.583313
 21
220.432785
 31
0.0
  0
LINE
  5
2B3
330
1F
100
AcDbEntity
  8
0
 62
     7
370
    35
100
AcDbLine
 10
217.421112
 20
121.232506
 30
0.0
 11
223.579529
 21
122.646851
 31
0.0
  0
LINE
  5
2B4
330
1F
100
AcDbEntity
  8
0
 62
     7
370
    13
100
AcDbLine
 10
159.869308
 20
225.447006
 30
0.0
 11
270.0
 21
225.447006
 31
0.0
  0
SOLID
  5
2B5
330
1F
100
AcDbEntity
  8
0
 62
     7
370
    13
100
AcDbTrace
 10
159.869308
 20
225.949875
 30
0.0
 11
156.69429
 21
225.447006
 31
0.0
 12
159.869308
 22
224.944138
 32
0.0
 13
159.869308
 23
224.944138
 33
0.0
  0
LINE
  5
2B6
330
1F
100
AcDbEntity
  8
0
 62
     7
370
    13
100
AcDbLine
 10
155.787704
 20
52.348656
 30
0.0
 11
270.0
 21
52.348656
 31
0.0
  0
SOLID
  5
2B7
330
1F
100
AcDbEntity
  8
0
 62
     7
370
    13
100
AcDbTrace
 10
155.787704
 20
52.851528
 30
0.0
 11
152.612686
 21
52.348656
 31
0.0
 12
155.787704
 22
51.845783
 32
0.0
 13
155.787704
 23
51.845783
 33
0.0
  0
LINE
  5
2B8
330
1F
100
AcDbEntity
  8
0
 62
     7
370
    13
100
AcDbLine
 10
270.0
 20
53.175022
 30
0.0
 11
270.0
 21
230.0
 31
0.0
  0
SOLID
  5
2B9
330
1F
100
AcDbEntity
  8
0
 62
     7
370
    13
100
AcDbTrace
 10
269.497131
 20
53.175022
 30
0.0
 11
270.0
 21
50.0
 31
0.0
 12
270.502869
 22
53.175022
 32
0.0
 13
270.502869
 23
53.175022
 33
0.0
  0
LINE
  5
2BA
330
1F
100
AcDbEntity
  8
0
 62
     7
370
    13
100
AcDbLine
 10
224.844269
 20
102.702286
 30
0.0
 11
224.844269
 21
250.0
 31
0.0
  0
SOLID
  5
2BB
330
1F
100
AcDbEntity
  8
0
 62
     7
370
    13
100
AcDbTrace
 10
224.3414
 20
102.702286
 30
0.0
 11
224.844269
 21
99.52726
 31
0.0
 12
225.347137
 22
102.702286
 32
0.0
 13
225.347137
 23
102.702286
 33
0.0
  0
LINE
  5
2BC
330
1F
100
AcDbEntity
  8
0
 62
     7
370
    13
100
AcDbLine
 10
100.776253
 20
133.829575
 30
0.0
 11
100.776253
 21
250.0
 31
0.0
  0
SOLID
  5
2BD
330
1F
100
AcDbEntity
  8
0
 62
     7
370
    13
100
AcDbTrace
 10
100.273376
 20
133.829575
 30
0.0
 11
100.776253
 21
130.654556
 31
0.0
 12
101.279129
 22
133.829575
 32
0.0
 13
101.279129
 23
133.829575
 33
0.0
  0
LINE
  5
2BE
330
1F
100
AcDbEntity
  8
0
 62
     7
370
    13
100
AcDbLine
 10
104.099937
 20
249.89978
 30
0.0
 11
224.837234
 21
249.89978
 31
0.0
  0
SOLID
  5
2BF
330
1F
100
AcDbEntity
  8
0
 62
     7
370
    13
100
AcDbTrace
 10
104.099937
 20
250.402649
 30
0.0
 11
100.924911
 21
249.89978
 31
0.0
 12
104.099937
 22
249.396912
 32
0.0
 13
104.099937
 23
249.396912
 33
0.0
  0
POLYLINE
  5
2C0
330
1F
100
AcDbEntity
  8
0
 62
     7
370
    13
100
AcDb2dPolyline
 66
     1
 10
0.0
 20
0.0
 30
0.0
 70
     1
  0
VERTEX
  5
2C1
330
2C0
100
AcDbEntity
  8
0
370
     0
100
AcDbVertex
100
AcDb2dVertex
 10
272.338501
 20
141.913757
 30
0.0
  0
VERTEX
  5
2C2
330
2C0
100
AcDbEntity
  8
0
370
     0
100
AcDbVertex
100
AcDb2dVertex
 10
272.449432
 20
141.500214
 30
0.0
  0
VERTEX
  5
2C3
330
2C0
100
AcDbEntity
  8
0
370
     0
100
AcDbVertex
100
AcDb2dVertex
 10
272.696564
 20
141.177444
 30
0.0
  0
VERTEX
  5
2C4
330
2C0
100
AcDbEntity
  8
0
370
     0
100
AcDbVertex
100
AcDb2dVertex
 10
273.059662
 20
140.975708
 30
0.0
  0
VERTEX
  5
2C5
330
2C0
100
AcDbEntity
  8
0
370
     0
100
AcDbVertex
100
AcDb2dVertex
 10
273.523651
 20
140.90007
 30
0.0
  0
VERTEX
  5
2C6
330
2C0
100
AcDbEntity
  8
0
370
     0
100
AcDbVertex
100
AcDb2dVertex
 10
274.03302
 20
140.990845
 30
0.0
  0
VERTEX
  5
2C7
330
2C0
100
AcDbEntity
  8
0
370
     0
100
AcDbVertex
100
AcDb2dVertex
 10
274.431427
 20
141.237961
 30
0.0
  0
VERTEX
  5
2C8
330
2C0
100
AcDbEntity
  8
0
370
     0
100
AcDbVertex
100
AcDb2dVertex
 10
274.683594
 20
141.631332
 30
0.0
  0
VERTEX
  5
2C9
330
2C0
100
AcDbEntity
  8
0
370
     0
100
AcDbVertex
100
AcDb2dVertex
 10
274.779419
 20
142.135651
 30
0.0
  0
VERTEX
  5
2CA
330
2C0
100
AcDbEntity
  8
0
370
     0
100
AcDbVertex
100
AcDb2dVertex
 10
274.693665
 20
142.604675
 30
0.0
  0
VERTEX
  5
2CB
330
2C0
100
AcDbEntity
  8
0
370
     0
100
AcDbVertex
100
AcDb2dVertex
 10
274.451599
 20
142.972839
 30
0.0
  0
VERTEX
  5
2CC
330
2C0
100
AcDbEntity
  8
0
370
     0
100
AcDbVertex
100
AcDb2dVertex
 10
274.073364
 20
143.209869
 30
0.0
  0
VERTEX
  5
2CD
330
2C0
100
AcDbEntity
  8
0
370
     0
100
AcDbVertex
100
AcDb2dVertex
 10
273.584167
 20
143.295593
 30
0.0
  0
VERTEX
  5
2CE
330
2C0
100
AcDbEntity
  8
0
370
     0
100
AcDbVertex
100
AcDb2dVertex
 10
273.205933
 20
143.235077
 30
0.0
  0
VERTEX
  5
2CF
330
2C0
100
AcDbEntity
  8
0
370
     0
100
AcDbVertex
100
AcDb2dVertex
 10
272.913422
 20
143.068649
 30
0.0
  0
VERTEX
  5
2D0
330
2C0
100
AcDbEntity
  8
0
370
     0
100
AcDbVertex
100
AcDb2dVertex
 10
273.054626
 20
144.011734
 30
0.0
  0
VERTEX
  5
2D1
330
2C0
100
AcDbEntity
  8
0
370
     0
100
AcDbVertex
100
AcDb2dVertex
 10
274.587769
 20
144.011734
 30
0.0
  0
VERTEX
  5
2D2
330
2C0
100
AcDbEntity
  8
0
370
     0
100
AcDbVertex
100
AcDb2dVertex
 10
274.587769
 20
144.425278
 30
0.0
  0
VERTEX
  5
2D3
330
2C0
100
AcDbEntity
  8
0
370
     0
100
AcDbVertex
100
AcDb2dVertex
 10
272.716736
 20
144.425278
 30
0.0
  0
VERTEX
  5
2D4
330
2C0
100
AcDbEntity
  8
0
370
     0
100
AcDbVertex
100
AcDb2dVertex
 10
272.439362
 20
142.569382
 30
0.0
  0
VERTEX
  5
2D5
330
2C0
100
AcDbEntity
  8
0
370
     0
100
AcDbVertex
100
AcDb2dVertex
 10
272.842804
 20
142.569382
 30
0.0
  0
VERTEX
  5
2D6
330
2C0
100
AcDbEntity
  8
0
370
     0
100
AcDbVertex
100
AcDb2dVertex
 10
273.135315
 20
142.806412
 30
0.0
  0
VERTEX
  5
2D7
330
2C0
100
AcDbEntity
  8
0
370
     0
100
AcDbVertex
100
AcDb2dVertex
 10
273.508514
 20
142.892136
 30
0.0
  0
VERTEX
  5
2D8
330
2C0
100
AcDbEntity
  8
0
370
     0
100
AcDbVertex
100
AcDb2dVertex
 10
273.831299
 20
142.83667
 30
0.0
  0
VERTEX
  5
2D9
330
2C0
100
AcDbEntity
  8
0
370
     0
100
AcDbVertex
100
AcDb2dVertex
 10
274.0784
 20
142.675278
 30
0.0
  0
VERTEX
  5
2DA
330
2C0
100
AcDbEntity
  8
0
370
     0
100
AcDbVertex
100
AcDb2dVertex
 10
274.234741
 20
142.428162
 30
0.0
  0
VERTEX
  5
2DB
330
2C0
100
AcDbEntity
  8
0
370
     0
100
AcDbVertex
100
AcDb2dVertex
 10
274.290222
 20
142.110443
 30
0.0
  0
VERTEX
  5
2DC
330
2C0
100
AcDbEntity
  8
0
370
     0
100
AcDbVertex
100
AcDb2dVertex
 10
274.234741
 20
141.792725
 30
0.0
  0
VERTEX
  5
2DD
330
2C0
100
AcDbEntity
  8
0
370
     0
100
AcDbVertex
100
AcDb2dVertex
 10
274.073364
 20
141.545593
 30
0.0
  0
VERTEX
  5
2DE
330
2C0
100
AcDbEntity
  8
0
370
     0
100
AcDbVertex
100
AcDb2dVertex
 10
273.826233
 20
141.389252
 30
0.0
  0
VERTEX
  5
2DF
330
2C0
100
AcDbEntity
  8
0
370
     0
100
AcDbVertex
100
AcDb2dVertex
 10
273.508514
 20
141.333786
 30
0.0
  0
VERTEX
  5
2E0
330
2C0
100
AcDbEntity
  8
0
370
     0
100
AcDbVertex
100
AcDb2dVertex
 10
273.241241
 20
141.36908
 30
0.0
  0
VERTEX
  5
2E1
330
2C0
100
AcDbEntity
  8
0
370
     0
100
AcDbVertex
100
AcDb2dVertex
 10
273.034454
 20
141.485077
 30
0.0
  0
VERTEX
  5
2E2
330
2C0
100
AcDbEntity
  8
0
370
     0
100
AcDbVertex
100
AcDb2dVertex
 10
272.883148
 20
141.666641
 30
0.0
  0
VERTEX
  5
2E3
330
2C0
100
AcDbEntity
  8
0
370
     0
100
AcDbVertex
100
AcDb2dVertex
 10
272.807495
 20
141.913757
 30
0.0
  0
SEQEND
  5
2E4
330
2C0
100
AcDbEntity
  8
0
 62
     7
370
    13
  0
POLYLINE
  5
2E5
330
1F
100
AcDbEntity
  8
0
 62
     7
370
    13
100
AcDb2dPolyline
 66
     1
 10
0.0
 20
0.0
 30
0.0
 70
     1
  0
VERTEX
  5
2E6
330
2E5
100
AcDbEntity
  8
0
370
     0
100
AcDbVertex
100
AcDb2dVertex
 10
275.409821
 20
142.710587
 30
0.0
  0
VERTEX
  5
2E7
330
2E5
100
AcDbEntity
  8
0
370
     0
100
AcDbVertex
100
AcDb2dVertex
 10
275.485474
 20
141.918793
 30
0.0
  0
VERTEX
  5
2E8
330
2E5
100
AcDbEntity
  8
0
370
     0
100
AcDbVertex
100
AcDb2dVertex
 10
275.722504
 20
141.353958
 30
0.0
  0
VERTEX
  5
2E9
330
2E5
100
AcDbEntity
  8
0
370
     0
100
AcDbVertex
100
AcDb2dVertex
 10
276.100739
 20
141.011017
 30
0.0
  0
VERTEX
  5
2EA
330
2E5
100
AcDbEntity
  8
0
370
     0
100
AcDbVertex
100
AcDb2dVertex
 10
276.625244
 20
140.90007
 30
0.0
  0
VERTEX
  5
2EB
330
2E5
100
AcDbEntity
  8
0
370
     0
100
AcDbVertex
100
AcDb2dVertex
 10
277.144684
 20
141.011017
 30
0.0
  0
VERTEX
  5
2EC
330
2E5
100
AcDbEntity
  8
0
370
     0
100
AcDbVertex
100
AcDb2dVertex
 10
277.522919
 20
141.353958
 30
0.0
  0
VERTEX
  5
2ED
330
2E5
100
AcDbEntity
  8
0
370
     0
100
AcDbVertex
100
AcDb2dVertex
 10
277.754913
 20
141.918793
 30
0.0
  0
VERTEX
  5
2EE
330
2E5
100
AcDbEntity
  8
0
370
     0
100
AcDbVertex
100
AcDb2dVertex
 10
277.835602
 20
142.710587
 30
0.0
  0
VERTEX
  5
2EF
330
2E5
100
AcDbEntity
  8
0
370
     0
100
AcDbVertex
100
AcDb2dVertex
 10
277.754913
 20
143.49733
 30
0.0
  0
VERTEX
  5
2F0
330
2E5
100
AcDbEntity
  8
0
370
     0
100
AcDbVertex
100
AcDb2dVertex
 10
277.659088
 20
143.810013
 30
0.0
  0
VERTEX
  5
2F1
330
2E5
100
AcDbEntity
  8
0
370
     0
100
AcDbVertex
100
AcDb2dVertex
 10
277.522919
 20
144.067215
 30
0.0
  0
VERTEX
  5
2F2
330
2E5
100
AcDbEntity
  8
0
370
     0
100
AcDbVertex
100
AcDb2dVertex
 10
277.144684
 20
144.410156
 30
0.0
  0
VERTEX
  5
2F3
330
2E5
100
AcDbEntity
  8
0
370
     0
100
AcDbVertex
100
AcDb2dVertex
 10
276.625244
 20
144.526154
 30
0.0
  0
VERTEX
  5
2F4
330
2E5
100
AcDbEntity
  8
0
370
     0
100
AcDbVertex
100
AcDb2dVertex
 10
276.100739
 20
144.410156
 30
0.0
  0
VERTEX
  5
2F5
330
2E5
100
AcDbEntity
  8
0
370
     0
100
AcDbVertex
100
AcDb2dVertex
 10
275.722504
 20
144.062164
 30
0.0
  0
VERTEX
  5
2F6
330
2E5
100
AcDbEntity
  8
0
370
     0
100
AcDbVertex
100
AcDb2dVertex
 10
275.485474
 20
143.49733
 30
0.0
  0
SEQEND
  5
2F7
330
2E5
100
AcDbEntity
  8
0
 62
     7
370
    13
  0
POLYLINE
  5
2F8
330
1F
100
AcDbEntity
  8
0
 62
     7
370
    13
100
AcDb2dPolyline
 66
     1
 10
0.0
 20
0.0
 30
0.0
 70
     1
  0
VERTEX
  5
2F9
330
2F8
100
AcDbEntity
  8
0
370
     0
100
AcDbVertex
100
AcDb2dVertex
 10
275.893951
 20
142.710587
 30
0.0
  0
VERTEX
  5
2FA
330
2F8
100
AcDbEntity
  8
0
370
     0
100
AcDbVertex
100
AcDb2dVertex
 10
275.934296
 20
143.320816
 30
0.0
  0
VERTEX
  5
2FB
330
2F8
100
AcDbEntity
  8
0
370
     0
100
AcDbVertex
100
AcDb2dVertex
 10
276.060394
 20
143.759583
 30
0.0
  0
VERTEX
  5
2FC
330
2F8
100
AcDbEntity
  8
0
370
     0
100
AcDbVertex
100
AcDb2dVertex
 10
276.287323
 20
144.016785
 30
0.0
  0
VERTEX
  5
2FD
330
2F8
100
AcDbEntity
  8
0
370
     0
100
AcDbVertex
100
AcDb2dVertex
 10
276.625244
 20
144.107559
 30
0.0
  0
VERTEX
  5
2FE
330
2F8
100
AcDbEntity
  8
0
370
     0
100
AcDbVertex
100
AcDb2dVertex
 10
276.958099
 20
144.016785
 30
0.0
  0
VERTEX
  5
2FF
330
2F8
100
AcDbEntity
  8
0
370
     0
100
AcDbVertex
100
AcDb2dVertex
 10
277.185028
 20
143.759583
 30
0.0
  0
VERTEX
  5
300
330
2F8
100
AcDbEntity
  8
0
370
     0
100
AcDbVertex
100
AcDb2dVertex
 10
277.311096
 20
143.320816
 30
0.0
  0
VERTEX
  5
301
330
2F8
100
AcDbEntity
  8
0
370
     0
100
AcDbVertex
100
AcDb2dVertex
 10
277.351471
 20
142.710587
 30
0.0
  0
VERTEX
  5
302
330
2F8
100
AcDbEntity
  8
0
370
     0
100
AcDbVertex
100
AcDb2dVertex
 10
277.311096
 20
142.095306
 30
0.0
  0
VERTEX
  5
303
330
2F8
100
AcDbEntity
  8
0
370
     0
100
AcDbVertex
100
AcDb2dVertex
 10
277.185028
 20
141.656555
 30
0.0
  0
VERTEX
  5
304
330
2F8
100
AcDbEntity
  8
0
370
     0
100
AcDbVertex
100
AcDb2dVertex
 10
276.958099
 20
141.399353
 30
0.0
  0
VERTEX
  5
305
330
2F8
100
AcDbEntity
  8
0
370
     0
100
AcDbVertex
100
AcDb2dVertex
 10
276.625244
 20
141.313614
 30
0.0
  0
VERTEX
  5
306
330
2F8
100
AcDbEntity
  8
0
370
     0
100
AcDbVertex
100
AcDb2dVertex
 10
276.287323
 20
141.399353
 30
0.0
  0
VERTEX
  5
307
330
2F8
100
AcDbEntity
  8
0
370
     0
100
AcDbVertex
100
AcDb2dVertex
 10
276.060394
 20
141.656555
 30
0.0
  0
VERTEX
  5
308
330
2F8
100
AcDbEntity
  8
0
370
     0
100
AcDbVertex
100
AcDb2dVertex
 10
275.934296
 20
142.095306
 30
0.0
  0
SEQEND
  5
309
330
2F8
100
AcDbEntity
  8
0
 62
     7
370
    13
  0
POLYLINE
  5
30A
330
1F
100
AcDbEntity
  8
0
 62
     7
370
    13
100
AcDb2dPolyline
 66
     1
 10
0.0
 20
0.0
 30
0.0
 70
     1
  0
VERTEX
  5
30B
330
30A
100
AcDbEntity
  8
0
370
     0
100
AcDbVertex
100
AcDb2dVertex
 10
278.445831
 20
142.710587
 30
0.0
  0
VERTEX
  5
30C
330
30A
100
AcDbEntity
  8
0
370
     0
100
AcDbVertex
100
AcDb2dVertex
 10
278.521484
 20
141.918793
 30
0.0
  0
VERTEX
  5
30D
330
30A
100
AcDbEntity
  8
0
370
     0
100
AcDbVertex
100
AcDb2dVertex
 10
278.758514
 20
141.353958
 30
0.0
  0
VERTEX
  5
30E
330
30A
100
AcDbEntity
  8
0
370
     0
100
AcDbVertex
100
AcDb2dVertex
 10
279.136749
 20
141.011017
 30
0.0
  0
VERTEX
  5
30F
330
30A
100
AcDbEntity
  8
0
370
     0
100
AcDbVertex
100
AcDb2dVertex
 10
279.661255
 20
140.90007
 30
0.0
  0
VERTEX
  5
310
330
30A
100
AcDbEntity
  8
0
370
     0
100
AcDbVertex
100
AcDb2dVertex
 10
280.180695
 20
141.011017
 30
0.0
  0
VERTEX
  5
311
330
30A
100
AcDbEntity
  8
0
370
     0
100
AcDbVertex
100
AcDb2dVertex
 10
280.55896
 20
141.353958
 30
0.0
  0
VERTEX
  5
312
330
30A
100
AcDbEntity
  8
0
370
     0
100
AcDbVertex
100
AcDb2dVertex
 10
280.790924
 20
141.918793
 30
0.0
  0
VERTEX
  5
313
330
30A
100
AcDbEntity
  8
0
370
     0
100
AcDbVertex
100
AcDb2dVertex
 10
280.871643
 20
142.710587
 30
0.0
  0
VERTEX
  5
314
330
30A
100
AcDbEntity
  8
0
370
     0
100
AcDbVertex
100
AcDb2dVertex
 10
280.790924
 20
143.49733
 30
0.0
  0
VERTEX
  5
315
330
30A
100
AcDbEntity
  8
0
370
     0
100
AcDbVertex
100
AcDb2dVertex
 10
280.695129
 20
143.810013
 30
0.0
  0
VERTEX
  5
316
330
30A
100
AcDbEntity
  8
0
370
     0
100
AcDbVertex
100
AcDb2dVertex
 10
280.55896
 20
144.067215
 30
0.0
  0
VERTEX
  5
317
330
30A
100
AcDbEntity
  8
0
370
     0
100
AcDbVertex
100
AcDb2dVertex
 10
280.180695
 20
144.410156
 30
0.0
  0
VERTEX
  5
318
330
30A
100
AcDbEntity
  8
0
370
     0
100
AcDbVertex
100
AcDb2dVertex
 10
279.661255
 20
144.526154
 30
0.0
  0
VERTEX
  5
319
330
30A
100
AcDbEntity
  8
0
370
     0
100
AcDbVertex
100
AcDb2dVertex
 10
279.136749
 20
144.410156
 30
0.0
  0
VERTEX
  5
31A
330
30A
100
AcDbEntity
  8
0
370
     0
100
AcDbVertex
100
AcDb2dVertex
 10
278.758514
 20
144.062164
 30
0.0
  0
VERTEX
  5
31B
330
30A
100
AcDbEntity
  8
0
370
     0
100
AcDbVertex
100
AcDb2dVertex
 10
278.521484
 20
143.49733
 30
0.0
  0
SEQEND
  5
31C
330
30A
100
AcDbEntity
  8
0
 62
     7
370
    13
  0
POLYLINE
  5
31D
330
1F
100
AcDbEntity
  8
0
 62
     7
370
    13
100
AcDb2dPolyline
 66
     1
 10
0.0
 20
0.0
 30
0.0
 70
     1
  0
VERTEX
  5
31E
330
31D
100
AcDbEntity
  8
0
370
     0
100
AcDbVertex
100
AcDb2dVertex
 10
278.929993
 20
142.710587
 30
0.0
  0
VERTEX
  5
31F
330
31D
100
AcDbEntity
  8
0
370
     0
100
AcDbVertex
100
AcDb2dVertex
 10
278.970337
 20
143.320816
 30
0.0
  0
VERTEX
  5
320
330
31D
100
AcDbEntity
  8
0
370
     0
100
AcDbVertex
100
AcDb2dVertex
 10
279.096405
 20
143.759583
 30
0.0
  0
VERTEX
  5
321
330
31D
100
AcDbEntity
  8
0
370
     0
100
AcDbVertex
100
AcDb2dVertex
 10
279.323364
 20
144.016785
 30
0.0
  0
VERTEX
  5
322
330
31D
100
AcDbEntity
  8
0
370
     0
100
AcDbVertex
100
AcDb2dVertex
 10
279.661255
 20
144.107559
 30
0.0
  0
VERTEX
  5
323
330
31D
100
AcDbEntity
  8
0
370
     0
100
AcDbVertex
100
AcDb2dVertex
 10
279.99411
 20
144.016785
 30
0.0
  0
VERTEX
  5
324
330
31D
100
AcDbEntity
  8
0
370
     0
100
AcDbVertex
100
AcDb2dVertex
 10
280.221069
 20
143.759583
 30
0.0
  0
VERTEX
  5
325
330
31D
100
AcDbEntity
  8
0
370
     0
100
AcDbVertex
100
AcDb2dVertex
 10
280.347137
 20
143.320816
 30
0.0
  0
VERTEX
  5
326
330
31D
100
AcDbEntity
  8
0
370
     0
100
AcDbVertex
100
AcDb2dVertex
 10
280.387482
 20
142.710587
 30
0.0
  0
VERTEX
  5
327
330
31D
100
AcDbEntity
  8
0
370
     0
100
AcDbVertex
100
AcDb2dVertex
 10
280.347137
 20
142.095306
 30
0.0
  0
VERTEX
  5
328
330
31D
100
AcDbEntity
  8
0
370
     0
100
AcDbVertex
100
AcDb2dVertex
 10
280.221069
 20
141.656555
 30
0.0
  0
VERTEX
  5
329
330
31D
100
AcDbEntity
  8
0
370
     0
100
AcDbVertex
100
AcDb2dVertex
 10
279.99411
 20
141.399353
 30
0.0
  0
VERTEX
  5
32A
330
31D
100
AcDbEntity
  8
0
370
     0
100
AcDbVertex
100
AcDb2dVertex
 10
279.661255
 20
141.313614
 30
0.0
  0
VERTEX
  5
32B
330
31D
100
AcDbEntity
  8
0
370
     0
100
AcDbVertex
100
AcDb2dVertex
 10
279.323364
 20
141.399353
 30
0.0
  0
VERTEX
  5
32C
330
31D
100
AcDbEntity
  8
0
370
     0
100
AcDbVertex
100
AcDb2dVertex
 10
279.096405
 20
141.656555
 30
0.0
  0
VERTEX
  5
32D
330
31D
100
AcDbEntity
  8
0
370
     0
100
AcDbVertex
100
AcDb2dVertex
 10
278.970337
 20
142.095306
 30
0.0
  0
SEQEND
  5
32E
330
31D
100
AcDbEntity
  8
0
 62
     7
370
    13
  0
POLYLINE
  5
32F
330
1F
100
AcDbEntity
  8
0
 62
     7
370
    13
100
AcDb2dPolyline
 66
     1
 10
0.0
 20
0.0
 30
0.0
 70
     1
  0
VERTEX
  5
330
330
32F
100
AcDbEntity
  8
0
370
     0
100
AcDbVertex
100
AcDb2dVertex
 10
281.476807
 20
141.000931
 30
0.0
  0
VERTEX
  5
331
330
32F
100
AcDbEntity
  8
0
370
     0
100
AcDbVertex
100
AcDb2dVertex
 10
281.885315
 20
141.000931
 30
0.0
  0
VERTEX
  5
332
330
32F
100
AcDbEntity
  8
0
370
     0
100
AcDbVertex
100
AcDb2dVertex
 10
281.885315
 20
142.811447
 30
0.0
  0
VERTEX
  5
333
330
32F
100
AcDbEntity
  8
0
370
     0
100
AcDbVertex
100
AcDb2dVertex
 10
281.910522
 20
143.083786
 30
0.0
  0
VERTEX
  5
334
330
32F
100
AcDbEntity
  8
0
370
     0
100
AcDbVertex
100
AcDb2dVertex
 10
281.986176
 20
143.280472
 30
0.0
  0
VERTEX
  5
335
330
32F
100
AcDbEntity
  8
0
370
     0
100
AcDbVertex
100
AcDb2dVertex
 10
282.102173
 20
143.396469
 30
0.0
  0
VERTEX
  5
336
330
32F
100
AcDbEntity
  8
0
370
     0
100
AcDbVertex
100
AcDb2dVertex
 10
282.253479
 20
143.441849
 30
0.0
  0
VERTEX
  5
337
330
32F
100
AcDbEntity
  8
0
370
     0
100
AcDbVertex
100
AcDb2dVertex
 10
282.374512
 20
143.401505
 30
0.0
  0
VERTEX
  5
338
330
32F
100
AcDbEntity
  8
0
370
     0
100
AcDbVertex
100
AcDb2dVertex
 10
282.4552
 20
143.300644
 30
0.0
  0
VERTEX
  5
339
330
32F
100
AcDbEntity
  8
0
370
     0
100
AcDbVertex
100
AcDb2dVertex
 10
282.495544
 20
143.129166
 30
0.0
  0
VERTEX
  5
33A
330
32F
100
AcDbEntity
  8
0
370
     0
100
AcDbVertex
100
AcDb2dVertex
 10
282.510681
 20
142.902222
 30
0.0
  0
VERTEX
  5
33B
330
32F
100
AcDbEntity
  8
0
370
     0
100
AcDbVertex
100
AcDb2dVertex
 10
282.510681
 20
141.000931
 30
0.0
  0
VERTEX
  5
33C
330
32F
100
AcDbEntity
  8
0
370
     0
100
AcDbVertex
100
AcDb2dVertex
 10
282.893951
 20
141.000931
 30
0.0
  0
VERTEX
  5
33D
330
32F
100
AcDbEntity
  8
0
370
     0
100
AcDbVertex
100
AcDb2dVertex
 10
282.893951
 20
142.811447
 30
0.0
  0
VERTEX
  5
33E
330
32F
100
AcDbEntity
  8
0
370
     0
100
AcDbVertex
100
AcDb2dVertex
 10
282.919189
 20
143.078735
 30
0.0
  0
VERTEX
  5
33F
330
32F
100
AcDbEntity
  8
0
370
     0
100
AcDbVertex
100
AcDb2dVertex
 10
282.994843
 20
143.275421
 30
0.0
  0
VERTEX
  5
340
330
32F
100
AcDbEntity
  8
0
370
     0
100
AcDbVertex
100
AcDb2dVertex
 10
283.115875
 20
143.396469
 30
0.0
  0
VERTEX
  5
341
330
32F
100
AcDbEntity
  8
0
370
     0
100
AcDbVertex
100
AcDb2dVertex
 10
283.267151
 20
143.441849
 30
0.0
  0
VERTEX
  5
342
330
32F
100
AcDbEntity
  8
0
370
     0
100
AcDbVertex
100
AcDb2dVertex
 10
283.388214
 20
143.401505
 30
0.0
  0
VERTEX
  5
343
330
32F
100
AcDbEntity
  8
0
370
     0
100
AcDbVertex
100
AcDb2dVertex
 10
283.468903
 20
143.300644
 30
0.0
  0
VERTEX
  5
344
330
32F
100
AcDbEntity
  8
0
370
     0
100
AcDbVertex
100
AcDb2dVertex
 10
283.519318
 20
142.902222
 30
0.0
  0
VERTEX
  5
345
330
32F
100
AcDbEntity
  8
0
370
     0
100
AcDbVertex
100
AcDb2dVertex
 10
283.519318
 20
141.000931
 30
0.0
  0
VERTEX
  5
346
330
32F
100
AcDbEntity
  8
0
370
     0
100
AcDbVertex
100
AcDb2dVertex
 10
283.927826
 20
141.000931
 30
0.0
  0
VERTEX
  5
347
330
32F
100
AcDbEntity
  8
0
370
     0
100
AcDbVertex
100
AcDb2dVertex
 10
283.927826
 20
142.871964
 30
0.0
  0
VERTEX
  5
348
330
32F
100
AcDbEntity
  8
0
370
     0
100
AcDbVertex
100
AcDb2dVertex
 10
283.902618
 20
143.2603
 30
0.0
  0
VERTEX
  5
349
330
32F
100
AcDbEntity
  8
0
370
     0
100
AcDbVertex
100
AcDb2dVertex
 10
283.82193
 20
143.557846
 30
0.0
  0
VERTEX
  5
34A
330
32F
100
AcDbEntity
  8
0
370
     0
100
AcDbVertex
100
AcDb2dVertex
 10
283.660522
 20
143.73941
 30
0.0
  0
VERTEX
  5
34B
330
32F
100
AcDbEntity
  8
0
370
     0
100
AcDbVertex
100
AcDb2dVertex
 10
283.398285
 20
143.804962
 30
0.0
  0
VERTEX
  5
34C
330
32F
100
AcDbEntity
  8
0
370
     0
100
AcDbVertex
100
AcDb2dVertex
 10
283.090637
 20
143.704102
 30
0.0
  0
VERTEX
  5
34D
330
32F
100
AcDbEntity
  8
0
370
     0
100
AcDbVertex
100
AcDb2dVertex
 10
282.853607
 20
143.411591
 30
0.0
  0
VERTEX
  5
34E
330
32F
100
AcDbEntity
  8
0
370
     0
100
AcDbVertex
100
AcDb2dVertex
 10
282.667023
 20
143.699051
 30
0.0
  0
VERTEX
  5
34F
330
32F
100
AcDbEntity
  8
0
370
     0
100
AcDbVertex
100
AcDb2dVertex
 10
282.35434
 20
143.804962
 30
0.0
  0
VERTEX
  5
350
330
32F
100
AcDbEntity
  8
0
370
     0
100
AcDbVertex
100
AcDb2dVertex
 10
282.066864
 20
143.704102
 30
0.0
  0
VERTEX
  5
351
330
32F
100
AcDbEntity
  8
0
370
     0
100
AcDbVertex
100
AcDb2dVertex
 10
281.870178
 20
143.421677
 30
0.0
  0
VERTEX
  5
352
330
32F
100
AcDbEntity
  8
0
370
     0
100
AcDbVertex
100
AcDb2dVertex
 10
281.870178
 20
143.709137
 30
0.0
  0
VERTEX
  5
353
330
32F
100
AcDbEntity
  8
0
370
     0
100
AcDbVertex
100
AcDb2dVertex
 10
281.476807
 20
143.709137
 30
0.0
  0
SEQEND
  5
354
330
32F
100
AcDbEntity
  8
0
 62
     7
370
    13
  0
POLYLINE
  5
355
330
1F
100
AcDbEntity
  8
0
 62
     7
370
    13
100
AcDb2dPolyline
 66
     1
 10
0.0
 20
0.0
 30
0.0
 70
     1
  0
VERTEX
  5
356
330
355
100
AcDbEntity
  8
0
370
     0
100
AcDbVertex
100
AcDb2dVertex
 10
284.512848
 20
141.000931
 30
0.0
  0
VERTEX
  5
357
330
355
100
AcDbEntity
  8
0
370
     0
100
AcDbVertex
100
AcDb2dVertex
 10
284.921356
 20
141.000931
 30
0.0
  0
VERTEX
  5
358
330
355
100
AcDbEntity
  8
0
370
     0
100
AcDbVertex
100
AcDb2dVertex
 10
284.921356
 20
142.811447
 30
0.0
  0
VERTEX
  5
359
330
355
100
AcDbEntity
  8
0
370
     0
100
AcDbVertex
100
AcDb2dVertex
 10
284.946564
 20
143.083786
 30
0.0
  0
VERTEX
  5
35A
330
355
100
AcDbEntity
  8
0
370
     0
100
AcDbVertex
100
AcDb2dVertex
 10
285.022217
 20
143.280472
 30
0.0
  0
VERTEX
  5
35B
330
355
100
AcDbEntity
  8
0
370
     0
100
AcDbVertex
100
AcDb2dVertex
 10
285.138214
 20
143.396469
 30
0.0
  0
VERTEX
  5
35C
330
355
100
AcDbEntity
  8
0
370
     0
100
AcDbVertex
100
AcDb2dVertex
 10
285.28949
 20
143.441849
 30
0.0
  0
VERTEX
  5
35D
330
355
100
AcDbEntity
  8
0
370
     0
100
AcDbVertex
100
AcDb2dVertex
 10
285.410522
 20
143.401505
 30
0.0
  0
VERTEX
  5
35E
330
355
100
AcDbEntity
  8
0
370
     0
100
AcDbVertex
100
AcDb2dVertex
 10
285.491211
 20
143.300644
 30
0.0
  0
VERTEX
  5
35F
330
355
100
AcDbEntity
  8
0
370
     0
100
AcDbVertex
100
AcDb2dVertex
 10
285.531586
 20
143.129166
 30
0.0
  0
VERTEX
  5
360
330
355
100
AcDbEntity
  8
0
370
     0
100
AcDbVertex
100
AcDb2dVertex
 10
285.546692
 20
142.902222
 30
0.0
  0
VERTEX
  5
361
330
355
100
AcDbEntity
  8
0
370
     0
100
AcDbVertex
100
AcDb2dVertex
 10
285.546692
 20
141.000931
 30
0.0
  0
VERTEX
  5
362
330
355
100
AcDbEntity
  8
0
370
     0
100
AcDbVertex
100
AcDb2dVertex
 10
285.929993
 20
141.000931
 30
0.0
  0
VERTEX
  5
363
330
355
100
AcDbEntity
  8
0
370
     0
100
AcDbVertex
100
AcDb2dVertex
 10
285.929993
 20
142.811447
 30
0.0
  0
VERTEX
  5
364
330
355
100
AcDbEntity
  8
0
370
     0
100
AcDbVertex
100
AcDb2dVertex
 10
285.9552
 20
143.078735
 30
0.0
  0
VERTEX
  5
365
330
355
100
AcDbEntity
  8
0
370
     0
100
AcDbVertex
100
AcDb2dVertex
 10
286.030853
 20
143.275421
 30
0.0
  0
VERTEX
  5
366
330
355
100
AcDbEntity
  8
0
370
     0
100
AcDbVertex
100
AcDb2dVertex
 10
286.151886
 20
143.396469
 30
0.0
  0
VERTEX
  5
367
330
355
100
AcDbEntity
  8
0
370
     0
100
AcDbVertex
100
AcDb2dVertex
 10
286.303192
 20
143.441849
 30
0.0
  0
VERTEX
  5
368
330
355
100
AcDbEntity
  8
0
370
     0
100
AcDbVertex
100
AcDb2dVertex
 10
286.424225
 20
143.401505
 30
0.0
  0
VERTEX
  5
369
330
355
100
AcDbEntity
  8
0
370
     0
100
AcDbVertex
100
AcDb2dVertex
 10
286.504913
 20
143.300644
 30
0.0
  0
VERTEX
  5
36A
330
355
100
AcDbEntity
  8
0
370
     0
100
AcDbVertex
100
AcDb2dVertex
 10
286.555359
 20
142.902222
 30
0.0
  0
VERTEX
  5
36B
330
355
100
AcDbEntity
  8
0
370
     0
100
AcDbVertex
100
AcDb2dVertex
 10
286.555359
 20
141.000931
 30
0.0
  0
VERTEX
  5
36C
330
355
100
AcDbEntity
  8
0
370
     0
100
AcDbVertex
100
AcDb2dVertex
 10
286.963837
 20
141.000931
 30
0.0
  0
VERTEX
  5
36D
330
355
100
AcDbEntity
  8
0
370
     0
100
AcDbVertex
100
AcDb2dVertex
 10
286.963837
 20
142.871964
 30
0.0
  0
VERTEX
  5
36E
330
355
100
AcDbEntity
  8
0
370
     0
100
AcDbVertex
100
AcDb2dVertex
 10
286.938629
 20
143.2603
 30
0.0
  0
VERTEX
  5
36F
330
355
100
AcDbEntity
  8
0
370
     0
100
AcDbVertex
100
AcDb2dVertex
 10
286.857941
 20
143.557846
 30
0.0
  0
VERTEX
  5
370
330
355
100
AcDbEntity
  8
0
370
     0
100
AcDbVertex
100
AcDb2dVertex
 10
286.696564
 20
143.73941
 30
0.0
  0
VERTEX
  5
371
330
355
100
AcDbEntity
  8
0
370
     0
100
AcDbVertex
100
AcDb2dVertex
 10
286.434296
 20
143.804962
 30
0.0
  0
VERTEX
  5
372
330
355
100
AcDbEntity
  8
0
370
     0
100
AcDbVertex
100
AcDb2dVertex
 10
286.126678
 20
143.704102
 30
0.0
  0
VERTEX
  5
373
330
355
100
AcDbEntity
  8
0
370
     0
100
AcDbVertex
100
AcDb2dVertex
 10
285.889648
 20
143.411591
 30
0.0
  0
VERTEX
  5
374
330
355
100
AcDbEntity
  8
0
370
     0
100
AcDbVertex
100
AcDb2dVertex
 10
285.703033
 20
143.699051
 30
0.0
  0
VERTEX
  5
375
330
355
100
AcDbEntity
  8
0
370
     0
100
AcDbVertex
100
AcDb2dVertex
 10
285.39035
 20
143.804962
 30
0.0
  0
VERTEX
  5
376
330
355
100
AcDbEntity
  8
0
370
     0
100
AcDbVertex
100
AcDb2dVertex
 10
285.102905
 20
143.704102
 30
0.0
  0
VERTEX
  5
377
330
355
100
AcDbEntity
  8
0
370
     0
100
AcDbVertex
100
AcDb2dVertex
 10
284.906219
 20
143.421677
 30
0.0
  0
VERTEX
  5
378
330
355
100
AcDbEntity
  8
0
370
     0
100
AcDbVertex
100
AcDb2dVertex
 10
284.906219
 20
143.709137
 30
0.0
  0
VERTEX
  5
379
330
355
100
AcDbEntity
  8
0
370
     0
100
AcDbVertex
100
AcDb2dVertex
 10
284.512848
 20
143.709137
 30
0.0
  0
SEQEND
  5
37A
330
355
100
AcDbEntity
  8
0
 62
     7
370
    13
  0
POLYLINE
  5
37B
330
1F
100
AcDbEntity
  8
0
 62
     7
370
    13
100
AcDb2dPolyline
 66
     1
 10
0.0
 20
0.0
 30
0.0
 70
     1
  0
VERTEX
  5
37C
330
37B
100
AcDbEntity
  8
0
370
     0
100
AcDbVertex
100
AcDb2dVertex
 10
155.192276
 20
251.042282
 30
0.0
  0
VERTEX
  5
37D
330
37B
100
AcDbEntity
  8
0
370
     0
100
AcDbVertex
100
AcDb2dVertex
 10
155.646164
 20
251.042282
 30
0.0
  0
VERTEX
  5
37E
330
37B
100
AcDbEntity
  8
0
370
     0
100
AcDbVertex
100
AcDb2dVertex
 10
155.646164
 20
251.909714
 30
0.0
  0
VERTEX
  5
37F
330
37B
100
AcDbEntity
  8
0
370
     0
100
AcDbVertex
100
AcDb2dVertex
 10
156.145447
 20
251.909714
 30
0.0
  0
VERTEX
  5
380
330
37B
100
AcDbEntity
  8
0
370
     0
100
AcDbVertex
100
AcDb2dVertex
 10
156.145447
 20
252.313171
 30
0.0
  0
VERTEX
  5
381
330
37B
100
AcDbEntity
  8
0
370
     0
100
AcDbVertex
100
AcDb2dVertex
 10
155.646164
 20
252.313171
 30
0.0
  0
VERTEX
  5
382
330
37B
100
AcDbEntity
  8
0
370
     0
100
AcDbVertex
100
AcDb2dVertex
 10
155.646164
 20
254.466629
 30
0.0
  0
VERTEX
  5
383
330
37B
100
AcDbEntity
  8
0
370
     0
100
AcDbVertex
100
AcDb2dVertex
 10
155.187225
 20
254.466629
 30
0.0
  0
VERTEX
  5
384
330
37B
100
AcDbEntity
  8
0
370
     0
100
AcDbVertex
100
AcDb2dVertex
 10
153.654083
 20
252.353516
 30
0.0
  0
VERTEX
  5
385
330
37B
100
AcDbEntity
  8
0
370
     0
100
AcDbVertex
100
AcDb2dVertex
 10
153.654083
 20
251.909714
 30
0.0
  0
VERTEX
  5
386
330
37B
100
AcDbEntity
  8
0
370
     0
100
AcDbVertex
100
AcDb2dVertex
 10
155.192276
 20
251.909714
 30
0.0
  0
SEQEND
  5
387
330
37B
100
AcDbEntity
  8
0
 62
     7
370
    13
  0
POLYLINE
  5
388
330
1F
100
AcDbEntity
  8
0
 62
     7
370
    13
100
AcDb2dPolyline
 66
     1
 10
0.0
 20
0.0
 30
0.0
 70
     1
  0
VERTEX
  5
389
330
388
100
AcDbEntity
  8
0
370
     0
100
AcDbVertex
100
AcDb2dVertex
 10
154.077713
 20
252.313171
 30
0.0
  0
VERTEX
  5
38A
330
388
100
AcDbEntity
  8
0
370
     0
100
AcDbVertex
100
AcDb2dVertex
 10
155.192276
 20
253.881622
 30
0.0
  0
VERTEX
  5
38B
330
388
100
AcDbEntity
  8
0
370
     0
100
AcDbVertex
100
AcDb2dVertex
 10
155.192276
 20
252.313171
 30
0.0
  0
SEQEND
  5
38C
330
388
100
AcDbEntity
  8
0
 62
     7
370
    13
  0
POLYLINE
  5
38D
330
1F
100
AcDbEntity
  8
0
 62
     7
370
    13
100
AcDb2dPolyline
 66
     1
 10
0.0
 20
0.0
 30
0.0
 70
     1
  0
VERTEX
  5
38E
330
38D
100
AcDbEntity
  8
0
370
     0
100
AcDbVertex
100
AcDb2dVertex
 10
156.700195
 20
251.955109
 30
0.0
  0
VERTEX
  5
38F
330
38D
100
AcDbEntity
  8
0
370
     0
100
AcDbVertex
100
AcDb2dVertex
 10
156.811142
 20
251.541565
 30
0.0
  0
VERTEX
  5
390
330
38D
100
AcDbEntity
  8
0
370
     0
100
AcDbVertex
100
AcDb2dVertex
 10
157.058258
 20
251.218796
 30
0.0
  0
VERTEX
  5
391
330
38D
100
AcDbEntity
  8
0
370
     0
100
AcDbVertex
100
AcDb2dVertex
 10
157.421371
 20
251.017059
 30
0.0
  0
VERTEX
  5
392
330
38D
100
AcDbEntity
  8
0
370
     0
100
AcDbVertex
100
AcDb2dVertex
 10
157.885361
 20
250.941422
 30
0.0
  0
VERTEX
  5
393
330
38D
100
AcDbEntity
  8
0
370
     0
100
AcDbVertex
100
AcDb2dVertex
 10
158.394714
 20
251.032196
 30
0.0
  0
VERTEX
  5
394
330
38D
100
AcDbEntity
  8
0
370
     0
100
AcDbVertex
100
AcDb2dVertex
 10
158.793137
 20
251.279312
 30
0.0
  0
VERTEX
  5
395
330
38D
100
AcDbEntity
  8
0
370
     0
100
AcDbVertex
100
AcDb2dVertex
 10
159.045303
 20
251.672684
 30
0.0
  0
VERTEX
  5
396
330
38D
100
AcDbEntity
  8
0
370
     0
100
AcDbVertex
100
AcDb2dVertex
 10
159.141113
 20
252.177002
 30
0.0
  0
VERTEX
  5
397
330
38D
100
AcDbEntity
  8
0
370
     0
100
AcDbVertex
100
AcDb2dVertex
 10
159.055389
 20
252.646027
 30
0.0
  0
VERTEX
  5
398
330
38D
100
AcDbEntity
  8
0
370
     0
100
AcDbVertex
100
AcDb2dVertex
 10
158.813309
 20
253.014191
 30
0.0
  0
VERTEX
  5
399
330
38D
100
AcDbEntity
  8
0
370
     0
100
AcDbVertex
100
AcDb2dVertex
 10
158.435059
 20
253.251221
 30
0.0
  0
VERTEX
  5
39A
330
38D
100
AcDbEntity
  8
0
370
     0
100
AcDbVertex
100
AcDb2dVertex
 10
157.945877
 20
253.336945
 30
0.0
  0
VERTEX
  5
39B
330
38D
100
AcDbEntity
  8
0
370
     0
100
AcDbVertex
100
AcDb2dVertex
 10
157.567627
 20
253.276428
 30
0.0
  0
VERTEX
  5
39C
330
38D
100
AcDbEntity
  8
0
370
     0
100
AcDbVertex
100
AcDb2dVertex
 10
157.275116
 20
253.110001
 30
0.0
  0
VERTEX
  5
39D
330
38D
100
AcDbEntity
  8
0
370
     0
100
AcDbVertex
100
AcDb2dVertex
 10
157.416336
 20
254.053085
 30
0.0
  0
VERTEX
  5
39E
330
38D
100
AcDbEntity
  8
0
370
     0
100
AcDbVertex
100
AcDb2dVertex
 10
158.949478
 20
254.053085
 30
0.0
  0
VERTEX
  5
39F
330
38D
100
AcDbEntity
  8
0
370
     0
100
AcDbVertex
100
AcDb2dVertex
 10
158.949478
 20
254.466629
 30
0.0
  0
VERTEX
  5
3A0
330
38D
100
AcDbEntity
  8
0
370
     0
100
AcDbVertex
100
AcDb2dVertex
 10
157.07843
 20
254.466629
 30
0.0
  0
VERTEX
  5
3A1
330
38D
100
AcDbEntity
  8
0
370
     0
100
AcDbVertex
100
AcDb2dVertex
 10
156.801056
 20
252.610733
 30
0.0
  0
VERTEX
  5
3A2
330
38D
100
AcDbEntity
  8
0
370
     0
100
AcDbVertex
100
AcDb2dVertex
 10
157.204514
 20
252.610733
 30
0.0
  0
VERTEX
  5
3A3
330
38D
100
AcDbEntity
  8
0
370
     0
100
AcDbVertex
100
AcDb2dVertex
 10
157.497025
 20
252.847763
 30
0.0
  0
VERTEX
  5
3A4
330
38D
100
AcDbEntity
  8
0
370
     0
100
AcDbVertex
100
AcDb2dVertex
 10
157.870224
 20
252.933487
 30
0.0
  0
VERTEX
  5
3A5
330
38D
100
AcDbEntity
  8
0
370
     0
100
AcDbVertex
100
AcDb2dVertex
 10
158.192993
 20
252.878021
 30
0.0
  0
VERTEX
  5
3A6
330
38D
100
AcDbEntity
  8
0
370
     0
100
AcDbVertex
100
AcDb2dVertex
 10
158.440109
 20
252.716629
 30
0.0
  0
VERTEX
  5
3A7
330
38D
100
AcDbEntity
  8
0
370
     0
100
AcDbVertex
100
AcDb2dVertex
 10
158.596451
 20
252.469513
 30
0.0
  0
VERTEX
  5
3A8
330
38D
100
AcDbEntity
  8
0
370
     0
100
AcDbVertex
100
AcDb2dVertex
 10
158.651917
 20
252.151794
 30
0.0
  0
VERTEX
  5
3A9
330
38D
100
AcDbEntity
  8
0
370
     0
100
AcDbVertex
100
AcDb2dVertex
 10
158.596451
 20
251.834076
 30
0.0
  0
VERTEX
  5
3AA
330
38D
100
AcDbEntity
  8
0
370
     0
100
AcDbVertex
100
AcDb2dVertex
 10
158.435059
 20
251.586945
 30
0.0
  0
VERTEX
  5
3AB
330
38D
100
AcDbEntity
  8
0
370
     0
100
AcDbVertex
100
AcDb2dVertex
 10
158.187943
 20
251.430603
 30
0.0
  0
VERTEX
  5
3AC
330
38D
100
AcDbEntity
  8
0
370
     0
100
AcDbVertex
100
AcDb2dVertex
 10
157.870224
 20
251.375137
 30
0.0
  0
VERTEX
  5
3AD
330
38D
100
AcDbEntity
  8
0
370
     0
100
AcDbVertex
100
AcDb2dVertex
 10
157.602936
 20
251.410431
 30
0.0
  0
VERTEX
  5
3AE
330
38D
100
AcDbEntity
  8
0
370
     0
100
AcDbVertex
100
AcDb2dVertex
 10
157.396164
 20
251.526428
 30
0.0
  0
VERTEX
  5
3AF
330
38D
100
AcDbEntity
  8
0
370
     0
100
AcDbVertex
100
AcDb2dVertex
 10
157.244858
 20
251.707993
 30
0.0
  0
VERTEX
  5
3B0
330
38D
100
AcDbEntity
  8
0
370
     0
100
AcDbVertex
100
AcDb2dVertex
 10
157.16922
 20
251.955109
 30
0.0
  0
SEQEND
  5
3B1
330
38D
100
AcDbEntity
  8
0
 62
     7
370
    13
  0
POLYLINE
  5
3B2
330
1F
100
AcDbEntity
  8
0
 62
     7
370
    13
100
AcDb2dPolyline
 66
     1
 10
0.0
 20
0.0
 30
0.0
 70
     1
  0
VERTEX
  5
3B3
330
3B2
100
AcDbEntity
  8
0
370
     0
100
AcDbVertex
100
AcDb2dVertex
 10
159.771515
 20
252.751938
 30
0.0
  0
VERTEX
  5
3B4
330
3B2
100
AcDbEntity
  8
0
370
     0
100
AcDbVertex
100
AcDb2dVertex
 10
159.847168
 20
251.960144
 30
0.0
  0
VERTEX
  5
3B5
330
3B2
100
AcDbEntity
  8
0
370
     0
100
AcDbVertex
100
AcDb2dVertex
 10
160.084198
 20
251.395309
 30
0.0
  0
VERTEX
  5
3B6
330
3B2
100
AcDbEntity
  8
0
370
     0
100
AcDbVertex
100
AcDb2dVertex
 10
160.462448
 20
251.052368
 30
0.0
  0
VERTEX
  5
3B7
330
3B2
100
AcDbEntity
  8
0
370
     0
100
AcDbVertex
100
AcDb2dVertex
 10
160.986938
 20
250.941422
 30
0.0
  0
VERTEX
  5
3B8
330
3B2
100
AcDbEntity
  8
0
370
     0
100
AcDbVertex
100
AcDb2dVertex
 10
161.506393
 20
251.052368
 30
0.0
  0
VERTEX
  5
3B9
330
3B2
100
AcDbEntity
  8
0
370
     0
100
AcDbVertex
100
AcDb2dVertex
 10
161.884628
 20
251.395309
 30
0.0
  0
VERTEX
  5
3BA
330
3B2
100
AcDbEntity
  8
0
370
     0
100
AcDbVertex
100
AcDb2dVertex
 10
162.116623
 20
251.960144
 30
0.0
  0
VERTEX
  5
3BB
330
3B2
100
AcDbEntity
  8
0
370
     0
100
AcDbVertex
100
AcDb2dVertex
 10
162.197311
 20
252.751938
 30
0.0
  0
VERTEX
  5
3BC
330
3B2
100
AcDbEntity
  8
0
370
     0
100
AcDbVertex
100
AcDb2dVertex
 10
162.116623
 20
253.538681
 30
0.0
  0
VERTEX
  5
3BD
330
3B2
100
AcDbEntity
  8
0
370
     0
100
AcDbVertex
100
AcDb2dVertex
 10
162.020798
 20
253.851364
 30
0.0
  0
VERTEX
  5
3BE
330
3B2
100
AcDbEntity
  8
0
370
     0
100
AcDbVertex
100
AcDb2dVertex
 10
161.884628
 20
254.108566
 30
0.0
  0
VERTEX
  5
3BF
330
3B2
100
AcDbEntity
  8
0
370
     0
100
AcDbVertex
100
AcDb2dVertex
 10
161.506393
 20
254.451508
 30
0.0
  0
VERTEX
  5
3C0
330
3B2
100
AcDbEntity
  8
0
370
     0
100
AcDbVertex
100
AcDb2dVertex
 10
160.986938
 20
254.567505
 30
0.0
  0
VERTEX
  5
3C1
330
3B2
100
AcDbEntity
  8
0
370
     0
100
AcDbVertex
100
AcDb2dVertex
 10
160.462448
 20
254.451508
 30
0.0
  0
VERTEX
  5
3C2
330
3B2
100
AcDbEntity
  8
0
370
     0
100
AcDbVertex
100
AcDb2dVertex
 10
160.084198
 20
254.103516
 30
0.0
  0
VERTEX
  5
3C3
330
3B2
100
AcDbEntity
  8
0
370
     0
100
AcDbVertex
100
AcDb2dVertex
 10
159.847168
 20
253.538681
 30
0.0
  0
SEQEND
  5
3C4
330
3B2
100
AcDbEntity
  8
0
 62
     7
370
    13
  0
POLYLINE
  5
3C5
330
1F
100
AcDbEntity
  8
0
 62
     7
370
    13
100
AcDb2dPolyline
 66
     1
 10
0.0
 20
0.0
 30
0.0
 70
     1
  0
VERTEX
  5
3C6
330
3C5
100
AcDbEntity
  8
0
370
     0
100
AcDbVertex
100
AcDb2dVertex
 10
160.255676
 20
252.751938
 30
0.0
  0
VERTEX
  5
3C7
330
3C5
100
AcDbEntity
  8
0
370
     0
100
AcDbVertex
100
AcDb2dVertex
 10
160.296021
 20
253.362167
 30
0.0
  0
VERTEX
  5
3C8
330
3C5
100
AcDbEntity
  8
0
370
     0
100
AcDbVertex
100
AcDb2dVertex
 10
160.422104
 20
253.800934
 30
0.0
  0
VERTEX
  5
3C9
330
3C5
100
AcDbEntity
  8
0
370
     0
100
AcDbVertex
100
AcDb2dVertex
 10
160.649048
 20
254.058136
 30
0.0
  0
VERTEX
  5
3CA
330
3C5
100
AcDbEntity
  8
0
370
     0
100
AcDbVertex
100
AcDb2dVertex
 10
160.986938
 20
254.148911
 30
0.0
  0
VERTEX
  5
3CB
330
3C5
100
AcDbEntity
  8
0
370
     0
100
AcDbVertex
100
AcDb2dVertex
 10
161.319794
 20
254.058136
 30
0.0
  0
VERTEX
  5
3CC
330
3C5
100
AcDbEntity
  8
0
370
     0
100
AcDbVertex
100
AcDb2dVertex
 10
161.546738
 20
253.800934
 30
0.0
  0
VERTEX
  5
3CD
330
3C5
100
AcDbEntity
  8
0
370
     0
100
AcDbVertex
100
AcDb2dVertex
 10
161.672821
 20
253.362167
 30
0.0
  0
VERTEX
  5
3CE
330
3C5
100
AcDbEntity
  8
0
370
     0
100
AcDbVertex
100
AcDb2dVertex
 10
161.713165
 20
252.751938
 30
0.0
  0
VERTEX
  5
3CF
330
3C5
100
AcDbEntity
  8
0
370
     0
100
AcDbVertex
100
AcDb2dVertex
 10
161.672821
 20
252.136658
 30
0.0
  0
VERTEX
  5
3D0
330
3C5
100
AcDbEntity
  8
0
370
     0
100
AcDbVertex
100
AcDb2dVertex
 10
161.546738
 20
251.697906
 30
0.0
  0
VERTEX
  5
3D1
330
3C5
100
AcDbEntity
  8
0
370
     0
100
AcDbVertex
100
AcDb2dVertex
 10
161.319794
 20
251.440704
 30
0.0
  0
VERTEX
  5
3D2
330
3C5
100
AcDbEntity
  8
0
370
     0
100
AcDbVertex
100
AcDb2dVertex
 10
160.986938
 20
251.354965
 30
0.0
  0
VERTEX
  5
3D3
330
3C5
100
AcDbEntity
  8
0
370
     0
100
AcDbVertex
100
AcDb2dVertex
 10
160.649048
 20
251.440704
 30
0.0
  0
VERTEX
  5
3D4
330
3C5
100
AcDbEntity
  8
0
370
     0
100
AcDbVertex
100
AcDb2dVertex
 10
160.422104
 20
251.697906
 30
0.0
  0
VERTEX
  5
3D5
330
3C5
100
AcDbEntity
  8
0
370
     0
100
AcDbVertex
100
AcDb2dVertex
 10
160.296021
 20
252.136658
 30
0.0
  0
SEQEND
  5
3D6
330
3C5
100
AcDbEntity
  8
0
 62
     7
370
    13
  0
POLYLINE
  5
3D7
330
1F
100
AcDbEntity
  8
0
 62
     7
370
    13
100
AcDb2dPolyline
 66
     1
 10
0.0
 20
0.0
 30
0.0
 70
     1
  0
VERTEX
  5
3D8
330
3D7
100
AcDbEntity
  8
0
370
     0
100
AcDbVertex
100
AcDb2dVertex
 10
162.802505
 20
251.042282
 30
0.0
  0
VERTEX
  5
3D9
330
3D7
100
AcDbEntity
  8
0
370
     0
100
AcDbVertex
100
AcDb2dVertex
 10
163.210999
 20
251.042282
 30
0.0
  0
VERTEX
  5
3DA
330
3D7
100
AcDbEntity
  8
0
370
     0
100
AcDbVertex
100
AcDb2dVertex
 10
163.210999
 20
252.852798
 30
0.0
  0
VERTEX
  5
3DB
330
3D7
100
AcDbEntity
  8
0
370
     0
100
AcDbVertex
100
AcDb2dVertex
 10
163.236221
 20
253.125137
 30
0.0
  0
VERTEX
  5
3DC
330
3D7
100
AcDbEntity
  8
0
370
     0
100
AcDbVertex
100
AcDb2dVertex
 10
163.311859
 20
253.321823
 30
0.0
  0
VERTEX
  5
3DD
330
3D7
100
AcDbEntity
  8
0
370
     0
100
AcDbVertex
100
AcDb2dVertex
 10
163.427856
 20
253.43782
 30
0.0
  0
VERTEX
  5
3DE
330
3D7
100
AcDbEntity
  8
0
370
     0
100
AcDbVertex
100
AcDb2dVertex
 10
163.579163
 20
253.4832
 30
0.0
  0
VERTEX
  5
3DF
330
3D7
100
AcDbEntity
  8
0
370
     0
100
AcDbVertex
100
AcDb2dVertex
 10
163.700195
 20
253.442856
 30
0.0
  0
VERTEX
  5
3E0
330
3D7
100
AcDbEntity
  8
0
370
     0
100
AcDbVertex
100
AcDb2dVertex
 10
163.780884
 20
253.341995
 30
0.0
  0
VERTEX
  5
3E1
330
3D7
100
AcDbEntity
  8
0
370
     0
100
AcDbVertex
100
AcDb2dVertex
 10
163.821228
 20
253.170517
 30
0.0
  0
VERTEX
  5
3E2
330
3D7
100
AcDbEntity
  8
0
370
     0
100
AcDbVertex
100
AcDb2dVertex
 10
163.836365
 20
252.943573
 30
0.0
  0
VERTEX
  5
3E3
330
3D7
100
AcDbEntity
  8
0
370
     0
100
AcDbVertex
100
AcDb2dVertex
 10
163.836365
 20
251.042282
 30
0.0
  0
VERTEX
  5
3E4
330
3D7
100
AcDbEntity
  8
0
370
     0
100
AcDbVertex
100
AcDb2dVertex
 10
164.21965
 20
251.042282
 30
0.0
  0
VERTEX
  5
3E5
330
3D7
100
AcDbEntity
  8
0
370
     0
100
AcDbVertex
100
AcDb2dVertex
 10
164.21965
 20
252.852798
 30
0.0
  0
VERTEX
  5
3E6
330
3D7
100
AcDbEntity
  8
0
370
     0
100
AcDbVertex
100
AcDb2dVertex
 10
164.244858
 20
253.120087
 30
0.0
  0
VERTEX
  5
3E7
330
3D7
100
AcDbEntity
  8
0
370
     0
100
AcDbVertex
100
AcDb2dVertex
 10
164.320511
 20
253.316772
 30
0.0
  0
VERTEX
  5
3E8
330
3D7
100
AcDbEntity
  8
0
370
     0
100
AcDbVertex
100
AcDb2dVertex
 10
164.441544
 20
253.43782
 30
0.0
  0
VERTEX
  5
3E9
330
3D7
100
AcDbEntity
  8
0
370
     0
100
AcDbVertex
100
AcDb2dVertex
 10
164.59285
 20
253.4832
 30
0.0
  0
VERTEX
  5
3EA
330
3D7
100
AcDbEntity
  8
0
370
     0
100
AcDbVertex
100
AcDb2dVertex
 10
164.713882
 20
253.442856
 30
0.0
  0
VERTEX
  5
3EB
330
3D7
100
AcDbEntity
  8
0
370
     0
100
AcDbVertex
100
AcDb2dVertex
 10
164.794571
 20
253.341995
 30
0.0
  0
VERTEX
  5
3EC
330
3D7
100
AcDbEntity
  8
0
370
     0
100
AcDbVertex
100
AcDb2dVertex
 10
164.845001
 20
252.943573
 30
0.0
  0
VERTEX
  5
3ED
330
3D7
100
AcDbEntity
  8
0
370
     0
100
AcDbVertex
100
AcDb2dVertex
 10
164.845001
 20
251.042282
 30
0.0
  0
VERTEX
  5
3EE
330
3D7
100
AcDbEntity
  8
0
370
     0
100
AcDbVertex
100
AcDb2dVertex
 10
165.25351
 20
251.042282
 30
0.0
  0
VERTEX
  5
3EF
330
3D7
100
AcDbEntity
  8
0
370
     0
100
AcDbVertex
100
AcDb2dVertex
 10
165.25351
 20
252.913315
 30
0.0
  0
VERTEX
  5
3F0
330
3D7
100
AcDbEntity
  8
0
370
     0
100
AcDbVertex
100
AcDb2dVertex
 10
165.228287
 20
253.301651
 30
0.0
  0
VERTEX
  5
3F1
330
3D7
100
AcDbEntity
  8
0
370
     0
100
AcDbVertex
100
AcDb2dVertex
 10
165.147598
 20
253.599197
 30
0.0
  0
VERTEX
  5
3F2
330
3D7
100
AcDbEntity
  8
0
370
     0
100
AcDbVertex
100
AcDb2dVertex
 10
164.986221
 20
253.780762
 30
0.0
  0
VERTEX
  5
3F3
330
3D7
100
AcDbEntity
  8
0
370
     0
100
AcDbVertex
100
AcDb2dVertex
 10
164.723969
 20
253.846313
 30
0.0
  0
VERTEX
  5
3F4
330
3D7
100
AcDbEntity
  8
0
370
     0
100
AcDbVertex
100
AcDb2dVertex
 10
164.416336
 20
253.745453
 30
0.0
  0
VERTEX
  5
3F5
330
3D7
100
AcDbEntity
  8
0
370
     0
100
AcDbVertex
100
AcDb2dVertex
 10
164.179306
 20
253.452942
 30
0.0
  0
VERTEX
  5
3F6
330
3D7
100
AcDbEntity
  8
0
370
     0
100
AcDbVertex
100
AcDb2dVertex
 10
163.992706
 20
253.740402
 30
0.0
  0
VERTEX
  5
3F7
330
3D7
100
AcDbEntity
  8
0
370
     0
100
AcDbVertex
100
AcDb2dVertex
 10
163.680023
 20
253.846313
 30
0.0
  0
VERTEX
  5
3F8
330
3D7
100
AcDbEntity
  8
0
370
     0
100
AcDbVertex
100
AcDb2dVertex
 10
163.392563
 20
253.745453
 30
0.0
  0
VERTEX
  5
3F9
330
3D7
100
AcDbEntity
  8
0
370
     0
100
AcDbVertex
100
AcDb2dVertex
 10
163.195877
 20
253.463028
 30
0.0
  0
VERTEX
  5
3FA
330
3D7
100
AcDbEntity
  8
0
370
     0
100
AcDbVertex
100
AcDb2dVertex
 10
163.195877
 20
253.750488
 30
0.0
  0
VERTEX
  5
3FB
330
3D7
100
AcDbEntity
  8
0
370
     0
100
AcDbVertex
100
AcDb2dVertex
 10
162.802505
 20
253.750488
 30
0.0
  0
SEQEND
  5
3FC
330
3D7
100
AcDbEntity
  8
0
 62
     7
370
    13
  0
POLYLINE
  5
3FD
330
1F
100
AcDbEntity
  8
0
 62
     7
370
    13
100
AcDb2dPolyline
 66
     1
 10
0.0
 20
0.0
 30
0.0
 70
     1
  0
VERTEX
  5
3FE
330
3FD
100
AcDbEntity
  8
0
370
     0
100
AcDbVertex
100
AcDb2dVertex
 10
165.838531
 20
251.042282
 30
0.0
  0
VERTEX
  5
3FF
330
3FD
100
AcDbEntity
  8
0
370
     0
100
AcDbVertex
100
AcDb2dVertex
 10
166.247025
 20
251.042282
 30
0.0
  0
VERTEX
  5
400
330
3FD
100
AcDbEntity
  8
0
370
     0
100
AcDbVertex
100
AcDb2dVertex
 10
166.247025
 20
252.852798
 30
0.0
  0
VERTEX
  5
401
330
3FD
100
AcDbEntity
  8
0
370
     0
100
AcDbVertex
100
AcDb2dVertex
 10
166.272247
 20
253.125137
 30
0.0
  0
VERTEX
  5
402
330
3FD
100
AcDbEntity
  8
0
370
     0
100
AcDbVertex
100
AcDb2dVertex
 10
166.347885
 20
253.321823
 30
0.0
  0
VERTEX
  5
403
330
3FD
100
AcDbEntity
  8
0
370
     0
100
AcDbVertex
100
AcDb2dVertex
 10
166.463882
 20
253.43782
 30
0.0
  0
VERTEX
  5
404
330
3FD
100
AcDbEntity
  8
0
370
     0
100
AcDbVertex
100
AcDb2dVertex
 10
166.615173
 20
253.4832
 30
0.0
  0
VERTEX
  5
405
330
3FD
100
AcDbEntity
  8
0
370
     0
100
AcDbVertex
100
AcDb2dVertex
 10
166.736221
 20
253.442856
 30
0.0
  0
VERTEX
  5
406
330
3FD
100
AcDbEntity
  8
0
370
     0
100
AcDbVertex
100
AcDb2dVertex
 10
166.81691
 20
253.341995
 30
0.0
  0
VERTEX
  5
407
330
3FD
100
AcDbEntity
  8
0
370
     0
100
AcDbVertex
100
AcDb2dVertex
 10
166.857254
 20
253.170517
 30
0.0
  0
VERTEX
  5
408
330
3FD
100
AcDbEntity
  8
0
370
     0
100
AcDbVertex
100
AcDb2dVertex
 10
166.872391
 20
252.943573
 30
0.0
  0
VERTEX
  5
409
330
3FD
100
AcDbEntity
  8
0
370
     0
100
AcDbVertex
100
AcDb2dVertex
 10
166.872391
 20
251.042282
 30
0.0
  0
VERTEX
  5
40A
330
3FD
100
AcDbEntity
  8
0
370
     0
100
AcDbVertex
100
AcDb2dVertex
 10
167.255676
 20
251.042282
 30
0.0
  0
VERTEX
  5
40B
330
3FD
100
AcDbEntity
  8
0
370
     0
100
AcDbVertex
100
AcDb2dVertex
 10
167.255676
 20
252.852798
 30
0.0
  0
VERTEX
  5
40C
330
3FD
100
AcDbEntity
  8
0
370
     0
100
AcDbVertex
100
AcDb2dVertex
 10
167.280884
 20
253.120087
 30
0.0
  0
VERTEX
  5
40D
330
3FD
100
AcDbEntity
  8
0
370
     0
100
AcDbVertex
100
AcDb2dVertex
 10
167.356537
 20
253.316772
 30
0.0
  0
VERTEX
  5
40E
330
3FD
100
AcDbEntity
  8
0
370
     0
100
AcDbVertex
100
AcDb2dVertex
 10
167.47757
 20
253.43782
 30
0.0
  0
VERTEX
  5
40F
330
3FD
100
AcDbEntity
  8
0
370
     0
100
AcDbVertex
100
AcDb2dVertex
 10
167.628876
 20
253.4832
 30
0.0
  0
VERTEX
  5
410
330
3FD
100
AcDbEntity
  8
0
370
     0
100
AcDbVertex
100
AcDb2dVertex
 10
167.749908
 20
253.442856
 30
0.0
  0
VERTEX
  5
411
330
3FD
100
AcDbEntity
  8
0
370
     0
100
AcDbVertex
100
AcDb2dVertex
 10
167.830597
 20
253.341995
 30
0.0
  0
VERTEX
  5
412
330
3FD
100
AcDbEntity
  8
0
370
     0
100
AcDbVertex
100
AcDb2dVertex
 10
167.881027
 20
252.943573
 30
0.0
  0
VERTEX
  5
413
330
3FD
100
AcDbEntity
  8
0
370
     0
100
AcDbVertex
100
AcDb2dVertex
 10
167.881027
 20
251.042282
 30
0.0
  0
VERTEX
  5
414
330
3FD
100
AcDbEntity
  8
0
370
     0
100
AcDbVertex
100
AcDb2dVertex
 10
168.289536
 20
251.042282
 30
0.0
  0
VERTEX
  5
415
330
3FD
100
AcDbEntity
  8
0
370
     0
100
AcDbVertex
100
AcDb2dVertex
 10
168.289536
 20
252.913315
 30
0.0
  0
VERTEX
  5
416
330
3FD
100
AcDbEntity
  8
0
370
     0
100
AcDbVertex
100
AcDb2dVertex
 10
168.264313
 20
253.301651
 30
0.0
  0
VERTEX
  5
417
330
3FD
100
AcDbEntity
  8
0
370
     0
100
AcDbVertex
100
AcDb2dVertex
 10
168.183624
 20
253.599197
 30
0.0
  0
VERTEX
  5
418
330
3FD
100
AcDbEntity
  8
0
370
     0
100
AcDbVertex
100
AcDb2dVertex
 10
168.022247
 20
253.780762
 30
0.0
  0
VERTEX
  5
419
330
3FD
100
AcDbEntity
  8
0
370
     0
100
AcDbVertex
100
AcDb2dVertex
 10
167.759995
 20
253.846313
 30
0.0
  0
VERTEX
  5
41A
330
3FD
100
AcDbEntity
  8
0
370
     0
100
AcDbVertex
100
AcDb2dVertex
 10
167.452362
 20
253.745453
 30
0.0
  0
VERTEX
  5
41B
330
3FD
100
AcDbEntity
  8
0
370
     0
100
AcDbVertex
100
AcDb2dVertex
 10
167.215332
 20
253.452942
 30
0.0
  0
VERTEX
  5
41C
330
3FD
100
AcDbEntity
  8
0
370
     0
100
AcDbVertex
100
AcDb2dVertex
 10
167.028732
 20
253.740402
 30
0.0
  0
VERTEX
  5
41D
330
3FD
100
AcDbEntity
  8
0
370
     0
100
AcDbVertex
100
AcDb2dVertex
 10
166.716049
 20
253.846313
 30
0.0
  0
VERTEX
  5
41E
330
3FD
100
AcDbEntity
  8
0
370
     0
100
AcDbVertex
100
AcDb2dVertex
 10
166.428589
 20
253.745453
 30
0.0
  0
VERTEX
  5
41F
330
3FD
100
AcDbEntity
  8
0
370
     0
100
AcDbVertex
100
AcDb2dVertex
 10
166.231903
 20
253.463028
 30
0.0
  0
VERTEX
  5
420
330
3FD
100
AcDbEntity
  8
0
370
     0
100
AcDbVertex
100
AcDb2dVertex
 10
166.231903
 20
253.750488
 30
0.0
  0
VERTEX
  5
421
330
3FD
100
AcDbEntity
  8
0
370
     0
100
AcDbVertex
100
AcDb2dVertex
 10
165.838531
 20
253.750488
 30
0.0
  0
SEQEND
  5
422
330
3FD
100
AcDbEntity
  8
0
 62
     7
370
    13
  0
ENDSEC
  0
SECTION
  2
OBJECTS
  0
DICTIONARY
  5
C
330
0
100
AcDbDictionary
281
     1
  3
ACAD_DETAILVIEWSTYLE
350
42B
  3
ACAD_GROUP
350
D
  3
ACAD_LAYOUT
350
1A
  3
ACAD_MATERIAL
350
43
  3
ACAD_MLEADERSTYLE
350
6B
  3
ACAD_MLINESTYLE
350
17
  3
ACAD_PLOTSETTINGS
350
19
  3
ACAD_PLOTSTYLENAME
350
E
  3
ACAD_SCALELIST
350
47
  3
ACAD_SECTIONVIEWSTYLE
350
42C
  3
ACAD_TABLESTYLE
350
69
  3
ACAD_VISUALSTYLE
350
2A
  3
ACDB_RECOMPOSE_DATA
350
427
  3
AcDbVariableDictionary
350
423
  0
SUN
  5
6D
330
29
100
AcDbSun
 90
        1
290
     0
 63
     7
421
 16777215
 40
1.0
291
     1
 91
  2455826
 92
 54000000
292
     0
 70
     2
 71
   256
280
     1
  0
DICTIONARY
  5
42B
102
{ACAD_REACTORS
330
C
102
}
330
C
100
AcDbDictionary
281
     1
  0
DICTIONARY
  5
D
102
{ACAD_REACTORS
330
C
102
}
330
C
100
AcDbDictionary
281
     1
  0
DICTIONARY
  5
1A
102
{ACAD_REACTORS
330
C
102
}
330
C
100
AcDbDictionary
281
     1
  3
Layout1
350
1E
  3
Layout2
350
26
  3
Model
350
22
  0
DICTIONARY
  5
43
102
{ACAD_REACTORS
330
C
102
}
330
C
100
AcDbDictionary
281
     1
  3
ByBlock
350
45
  3
ByLayer
350
44
  3
Global
350
46
  0
DICTIONARY
  5
6B
102
{ACAD_REACTORS
330
C
102
}
330
C
100
AcDbDictionary
281
     1
  3
Standard
350
6C
  0
DICTIONARY
  5
17
102
{ACAD_REACTORS
330
C
102
}
330
C
100
AcDbDictionary
281
     1
  3
Standard
350
18
  0
DICTIONARY
  5
19
102
{ACAD_REACTORS
330
C
102
}
330
C
100
AcDbDictionary
281
     1
  0
ACDBDICTIONARYWDFLT
  5
E
102
{ACAD_REACTORS
330
C
102
}
330
C
100
AcDbDictionary
281
     1
  3
Normal
350
F
100
AcDbDictionaryWithDefault
340
F
  0
DICTIONARY
  5
47
102
{ACAD_REACTORS
330
C
102
}
330
C
100
AcDbDictionary
281
     1
  3
A0
350
48
  3
A1
350
49
  3
A2
350
4A
  3
A3
350
4B
  3
A4
350
4C
  3
A5
350
4D
  3
A6
350
4E
  3
A7
350
4F
  3
A8
350
50
  3
A9
350
51
  3
B0
350
52
  3
B1
350
53
  3
B2
350
54
  3
B3
350
55
  3
B4
350
56
  3
B5
350
57
  3
B6
350
58
  3
B7
350
59
  3
B8
350
5A
  3
B9
350
5B
  3
C0
350
5C
  3
C1
350
5D
  3
C2
350
5E
  3
C3
350
5F
  3
C4
350
60
  3
C5
350
61
  3
C6
350
62
  3
C7
350
63
  3
C8
350
64
  3
C9
350
65
  3
D0
350
66
  3
D1
350
67
  3
D2
350
68
  0
DICTIONARY
  5
42C
102
{ACAD_REACTORS
330
C
102
}
330
C
100
AcDbDictionary
281
     1
  0
DICTIONARY
  5
69
102
{ACAD_REACTORS
330
C
102
}
330
C
100
AcDbDictionary
281
     1
  3
Standard
350
6A
  0
DICTIONARY
  5
2A
102
{ACAD_REACTORS
330
C
102
}
330
C
100
AcDbDictionary
281
     1
  3
2dWireframe
350
2F
  3
Basic
350
32
  3
Brighten
350
36
  3
ColorChange
350
3A
  3
Conceptual
350
34
  3
Dim
350
35
  3
EdgeColorOff
350
3D
  3
Facepattern
350
39
  3
Flat
350
2B
  3
FlatWithEdges
350
2C
  3
Gouraud
350
2D
  3
GouraudWithEdges
350
2E
  3
Hidden
350
31
  3
JitterOff
350
3B
  3
Linepattern
350
38
  3
OverhangOff
350
3C
  3
Realistic
350
33
  3
Shaded
350
42
  3
Shaded with edges
350
41
  3
Shades of Gray
350
3E
  3
Sketchy
350
3F
  3
Thicken
350
37
  3
Wireframe
350
30
  3
X-Ray
350
40
  0
XRECORD
  5
427
102
{ACAD_REACTORS
330
C
102
}
330
C
100
AcDbXrecord
280
     1
 90
        1
330
6A
  0
DICTIONARY
  5
423
102
{ACAD_REACTORS
330
C
102
}
330
C
100
AcDbDictionary
281
     1
  3
CANNOSCALE
350
424
  3
CMLEADERSTYLE
350
429
  3
CTABLESTYLE
350
428
  3
XCLIPFRAME
350
42A
  0
LAYOUT
  5
1E
102
{ACAD_REACTORS
330
1A
102
}
330
1A
100
AcDbPlotSettings
  1

  2
none_device
  4

  6

 40
0.0
 41
0.0
 42
0.0
 43
0.0
 44
0.0
 45
0.0
 46
0.0
 47
0.0
 48
0.0
 49
0.0
140
0.0
141
0.0
142
1.0
143
1.0
 70
  4784
 72
     0
 73
     0
 74
     5
  7

 75
    16
 76
     0
 77
     2
 78
   300
147
1.0
148
0.0
149
0.0
100
AcDbLayout
  1
Layout1
 70
     1
 71
     1
 10
0.0
 20
0.0
 11
420.0
 21
297.0
 12
0.0
 22
0.0
 32
0.0
 14
0.0
 24
0.0
 34
0.0
 15
287.251312
 25
255.898911
 35
2.0
146
0.0
 13
0.0
 23
0.0
 33
0.0
 16
1.0
 26
0.0
 36
0.0
 17
0.0
 27
1.0
 37
0.0
 76
     0
330
1B
  0
LAYOUT
  5
26
102
{ACAD_REACTORS
330
1A
102
}
330
1A
100
AcDbPlotSettings
  1

  2
none_device
  4

  6

 40
0.0
 41
0.0
 42
0.0
 43
0.0
 44
0.0
 45
0.0
 46
0.0
 47
0.0
 48
0.0
 49
0.0
140
0.0
141
0.0
142
1.0
143
1.0
 70
  4784
 72
     0
 73
     0
 74
     5
  7

 75
    16
 76
     0
 77
     2
 78
   300
147
1.0
148
0.0
149
0.0
100
AcDbLayout
  1
Layout2
 70
     1
 71
     2
 10
0.0
 20
0.0
 11
0.0
 21
0.0
 12
0.0
 22
0.0
 32
0.0
 14
0.0
 24
0.0
 34
0.0
 15
0.0
 25
0.0
 35
0.0
146
0.0
 13
0.0
 23
0.0
 33
0.0
 16
1.0
 26
0.0
 36
0.0
 17
0.0
 27
1.0
 37
0.0
 76
     0
330
23
  0
LAYOUT
  5
22
102
{ACAD_REACTORS
330
1A
102
}
330
1A
100
AcDbPlotSettings
  1

  2
none_device
  4
Letter_(8.50_x_11.00_Inches)
  6

 40
6.35
 41
6.35
 42
6.350005
 43
6.350005
 44
215.9
 45
279.4
 46
0.0
 47
0.0
 48
0.0
 49
0.0
140
0.0
141
0.0
142
1.0
143
1.0
 70
  5808
 72
     0
 73
     0
 74
     0
  7

 75
     0
 76
     0
 77
     2
 78
   300
147
1.0
148
0.0
149
0.0
100
AcDbLayout
  1
Model
 70
     1
 71
     0
 10
0.0
 20
0.0
 11
420.0
 21
297.0
 12
0.0
 22
0.0
 32
0.0
 14
0.0
 24
0.0
 34
0.0
 15
287.251312
 25
255.898911
 35
2.0
146
0.0
 13
0.0
 23
0.0
 33
0.0
 16
1.0
 26
0.0
 36
0.0
 17
0.0
 27
1.0
 37
0.0
 76
     0
330
1F
331
29
  0
MATERIAL
  5
45
102
{ACAD_REACTORS
330
43
102
}
330
43
100
AcDbMaterial
  1
ByBlock
 72
     1
 94
      127
  0
MATERIAL
  5
44
102
{ACAD_REACTORS
330
43
102
}
330
43
100
AcDbMaterial
  1
ByLayer
 72
     1
 94
      127
  0
MATERIAL
  5
46
102
{ACAD_REACTORS
330
43
102
}
330
43
100
AcDbMaterial
  1
Global
 72
     1
 94
      127
  0
MLEADERSTYLE
  5
6C
102
{ACAD_REACTORS
330
6B
102
}
330
6B
100
AcDbMLeaderStyle
179
     2
170
     2
171
     1
172
     0
 90
        2
 40
0.0
 41
0.0
173
     1
 91
-1056964608
340
14
 92
       -2
290
     1
 42
0.09
291
     1
 43
0.36
  3
Standard
341
0
 44
0.18
300

342
11
174
     1
178
     6
175
     1
176
     0
 93
-1056964608
 45
0.18
292
     0
297
     0
 46
0.18
343
0
 94
-1056964608
 47
1.0
 49
1.0
140
1.0
293
     1
141
0.0
294
     1
177
     0
142
1.0
295
     0
296
     0
143
0.125
271
     0
272
     9
273
     9
298
     0
  0
MLINESTYLE
  5
18
102
{ACAD_REACTORS
330
17
102
}
330
17
100
AcDbMlineStyle
  2
Standard
 70
     0
  3

 62
   256
 51
90.0
 52
90.0
 71
     2
 49
0.5
 62
   256
  6
BYLAYER
 49
-0.5
 62
   256
  6
BYLAYER
  0
ACDBPLACEHOLDER
  5
F
102
{ACAD_REACTORS
330
E
102
}
330
E
  0
SCALE
  5
48
102
{ACAD_REACTORS
330
47
102
}
330
47
100
AcDbScale
 70
     0
300
1:1
140
1.0
141
1.0
290
     1
  0
SCALE
  5
49
102
{ACAD_REACTORS
330
47
102
}
330
47
100
AcDbScale
 70
     0
300
1:2
140
1.0
141
2.0
290
     0
  0
SCALE
  5
4A
102
{ACAD_REACTORS
330
47
102
}
330
47
100
AcDbScale
 70
     0
300
1:4
140
1.0
141
4.0
290
     0
  0
SCALE
  5
4B
102
{ACAD_REACTORS
330
47
102
}
330
47
100
AcDbScale
 70
     0
300
1:5
140
1.0
141
5.0
290
     0
  0
SCALE
  5
4C
102
{ACAD_REACTORS
330
47
102
}
330
47
100
AcDbScale
 70
     0
300
1:8
140
1.0
141
8.0
290
     0
  0
SCALE
  5
4D
102
{ACAD_REACTORS
330
47
102
}
330
47
100
AcDbScale
 70
     0
300
1:10
140
1.0
141
10.0
290
     0
  0
SCALE
  5
4E
102
{ACAD_REACTORS
330
47
102
}
330
47
100
AcDbScale
 70
     0
300
1:16
140
1.0
141
16.0
290
     0
  0
SCALE
  5
4F
102
{ACAD_REACTORS
330
47
102
}
330
47
100
AcDbScale
 70
     0
300
1:20
140
1.0
141
20.0
290
     0
  0
SCALE
  5
50
102
{ACAD_REACTORS
330
47
102
}
330
47
100
AcDbScale
 70
     0
300
1:30
140
1.0
141
30.0
290
     0
  0
SCALE
  5
51
102
{ACAD_REACTORS
330
47
102
}
330
47
100
AcDbScale
 70
     0
300
1:40
140
1.0
141
40.0
290
     0
  0
SCALE
  5
52
102
{ACAD_REACTORS
330
47
102
}
330
47
100
AcDbScale
 70
     0
300
1:50
140
1.0
141
50.0
290
     0
  0
SCALE
  5
53
102
{ACAD_REACTORS
330
47
102
}
330
47
100
AcDbScale
 70
     0
300
1:100
140
1.0
141
100.0
290
     0
  0
SCALE
  5
54
102
{ACAD_REACTORS
330
47
102
}
330
47
100
AcDbScale
 70
     0
300
2:1
140
2.0
141
1.0
290
     0
  0
SCALE
  5
55
102
{ACAD_REACTORS
330
47
102
}
330
47
100
AcDbScale
 70
     0
300
4:1
140
4.0
141
1.0
290
     0
  0
SCALE
  5
56
102
{ACAD_REACTORS
330
47
102
}
330
47
100
AcDbScale
 70
     0
300
8:1
140
8.0
141
1.0
290
     0
  0
SCALE
  5
57
102
{ACAD_REACTORS
330
47
102
}
330
47
100
AcDbScale
 70
     0
300
10:1
140
10.0
141
1.0
290
     0
  0
SCALE
  5
58
102
{ACAD_REACTORS
330
47
102
}
330
47
100
AcDbScale
 70
     0
300
100:1
140
100.0
141
1.0
290
     0
  0
SCALE
  5
59
102
{ACAD_REACTORS
330
47
102
}
330
47
100
AcDbScale
 70
     0
300
1/128" = 1'-0"
140
0.007812
141
12.0
290
     0
  0
SCALE
  5
5A
102
{ACAD_REACTORS
330
47
102
}
330
47
100
AcDbScale
 70
     0
300
1/64" = 1'-0"
140
0.015625
141
12.0
290
     0
  0
SCALE
  5
5B
102
{ACAD_REACTORS
330
47
102
}
330
47
100
AcDbScale
 70
     0
300
1/32" = 1'-0"
140
0.03125
141
12.0
290
     0
  0
SCALE
  5
5C
102
{ACAD_REACTORS
330
47
102
}
330
47
100
AcDbScale
 70
     0
300
1/16" = 1'-0"
140
0.0625
141
12.0
290
     0
  0
SCALE
  5
5D
102
{ACAD_REACTORS
330
47
102
}
330
47
100
AcDbScale
 70
     0
300
3/32" = 1'-0"
140
0.09375
141
12.0
290
     0
  0
SCALE
  5
5E
102
{ACAD_REACTORS
330
47
102
}
330
47
100
AcDbScale
 70
     0
300
1/8" = 1'-0"
140
0.125
141
12.0
290
     0
  0
SCALE
  5
5F
102
{ACAD_REACTORS
330
47
102
}
330
47
100
AcDbScale
 70
     0
300
3/16" = 1'-0"
140
0.1875
141
12.0
290
     0
  0
SCALE
  5
60
102
{ACAD_REACTORS
330
47
102
}
330
47
100
AcDbScale
 70
     0
300
1/4" = 1'-0"
140
0.25
141
12.0
290
     0
  0
SCALE
  5
61
102
{ACAD_REACTORS
330
47
102
}
330
47
100
AcDbScale
 70
     0
300
3/8" = 1'-0"
140
0.375
141
12.0
290
     0
  0
SCALE
  5
62
102
{ACAD_REACTORS
330
47
102
}
330
47
100
AcDbScale
 70
     0
300
1/2" = 1'-0"
140
0.5
141
12.0
290
     0
  0
SCALE
  5
63
102
{ACAD_REACTORS
330
47
102
}
330
47
100
AcDbScale
 70
     0
300
3/4" = 1'-0"
140
0.75
141
12.0
290
     0
  0
SCALE
  5
64
102
{ACAD_REACTORS
330
47
102
}
330
47
100
AcDbScale
 70
     0
300
1" = 1'-0"
140
1.0
141
12.0
290
     0
  0
SCALE
  5
65
102
{ACAD_REACTORS
330
47
102
}
330
47
100
AcDbScale
 70
     0
300
1-1/2" = 1'-0"
140
1.5
141
12.0
290
     0
  0
SCALE
  5
66
102
{ACAD_REACTORS
330
47
102
}
330
47
100
AcDbScale
 70
     0
300
3" = 1'-0"
140
3.0
141
12.0
290
     0
  0
SCALE
  5
67
102
{ACAD_REACTORS
330
47
102
}
330
47
100
AcDbScale
 70
     0
300
6" = 1'-0"
140
6.0
141
12.0
290
     0
  0
SCALE
  5
68
102
{ACAD_REACTORS
330
47
102
}
330
47
100
AcDbScale
 70
     0
300
1'-0" = 1'-0"
140
12.0
141
12.0
290
     0
  0
TABLESTYLE
  5
6A
102
{ACAD_REACTORS
330
69
102
}
102
{ACAD_XDICTIONARY
360
425
102
}
330
69
100
AcDbTableStyle
  3
Standard
 70
     0
 71
     0
 40
0.06
 41
0.06
280
     0
281
     0
  7
Standard
140
0.18
170
     2
 62
     0
 63
   257
283
     0
 90
        4
 91
        0
  1

274
    -2
284
     1
 64
     0
275
    -2
285
     1
 65
     0
276
    -2
286
     1
 66
     0
277
    -2
287
     1
 67
     0
278
    -2
288
     1
 68
     0
279
    -2
289
     1
 69
     0
  7
Standard
140
0.25
170
     5
 62
     0
 63
   257
283
     0
 90
        4
 91
        0
  1

274
    -2
284
     1
 64
     0
275
    -2
285
     1
 65
     0
276
    -2
286
     1
 66
     0
277
    -2
287
     1
 67
     0
278
    -2
288
     1
 68
     0
279
    -2
289
     1
 69
     0
  7
Standard
140
0.18
170
     5
 62
     0
 63
   257
283
     0
 90
        4
 91
        0
  1

274
    -2
284
     1
 64
     0
275
    -2
285
     1
 65
     0
276
    -2
286
     1
 66
     0
277
    -2
287
     1
 67
     0
278
    -2
288
     1
 68
     0
279
    -2
289
     1
 69
     0
  0
VISUALSTYLE
  5
2F
102
{ACAD_REACTORS
330
2A
102
}
330
2A
100
AcDbVisualStyle
  2
2dWireframe
 70
     4
177
     3
291
     0
 70
    58
 90
        0
176
     1
 90
        2
176
     1
 90
        0
176
     1
 90
        0
176
     1
 40
0.6
176
     1
 40
30.0
176
     1
 62
     7
420
 16777215
176
     1
 90
        1
176
     1
 90
        4
176
     1
 62
     7
176
     1
 62
   257
176
     1
 90
        1
176
     1
 90
        1
176
     1
 40
1.0
176
     1
 90
        0
176
     1
 62
   257
176
     1
 40
1.0
176
     1
 90
        1
176
     1
 90
        6
176
     1
 90
        2
176
     1
 62
     7
176
     1
 90
        5
176
     1
 90
        0
176
     1
 90
        0
176
     1
290
     0
176
     1
 90
        1
176
     1
 40
0.0
176
     1
 90
        0
176
     1
290
     1
176
     1
290
     1
176
     1
290
     0
176
     1
290
     0
176
     1
290
     0
176
     1
290
     0
176
     1
290
     0
176
     1
290
     0
176
     1
290
     0
176
     1
 90
       50
176
     1
 40
0.0
176
     1
 40
1.0
176
     1
 90
        0
176
     1
 62
    18
420
        0
176
     1
 90
       50
176
     1
 90
        3
176
     1
 62
     5
420
      255
176
     1
290
     0
176
     1
 90
       50
176
     1
 90
       50
176
     1
 90
       50
176
     1
290
     0
176
     1
 90
       50
176
     1
 62
   256
176
     0
 40
1.0
176
     0
 90
        2
176
     1
  1
strokes_ogs.tif
176
     1
290
     0
176
     1
 40
1.0
176
     1
 40
1.0
176
     1
  0
VISUALSTYLE
  5
32
102
{ACAD_REACTORS
330
2A
102
}
330
2A
100
AcDbVisualStyle
  2
Basic
 70
     7
177
     3
291
     1
 70
    58
 90
        1
176
     1
 90
        0
176
     1
 90
        1
176
     1
 90
        0
176
     1
 40
0.6
176
     1
 40
30.0
176
     1
 62
     7
420
 16777215
176
     1
 90
        0
176
     1
 90
        4
176
     1
 62
     7
176
     1
 62
   257
176
     1
 90
        1
176
     1
 90
        1
176
     1
 40
1.0
176
     1
 90
        8
176
     1
 62
     7
176
     1
 40
1.0
176
     1
 90
        1
176
     1
 90
        6
176
     1
 90
        2
176
     1
 62
     7
176
     1
 90
        5
176
     1
 90
        0
176
     1
 90
        0
176
     1
290
     0
176
     1
 90
        1
176
     1
 40
0.0
176
     1
 90
        0
176
     1
290
     0
176
     1
290
     1
176
     1
290
     1
176
     1
290
     0
176
     1
290
     0
176
     1
290
     0
176
     1
290
     0
176
     1
290
     0
176
     1
290
     0
176
     1
 90
       50
176
     1
 40
0.0
176
     1
 40
1.0
176
     1
 90
        0
176
     1
 62
    18
420
        0
176
     1
 90
       50
176
     1
 90
        3
176
     1
 62
     5
420
      255
176
     1
290
     0
176
     1
 90
       50
176
     1
 90
       50
176
     1
 90
       50
176
     1
290
     0
176
     1
 90
       50
176
     1
 62
   256
176
     0
 40
1.0
176
     0
 90
        2
176
     1
  1
strokes_ogs.tif
176
     1
290
     0
176
     1
 40
1.0
176
     1
 40
1.0
176
     1
  0
VISUALSTYLE
  5
36
102
{ACAD_REACTORS
330
2A
102
}
330
2A
100
AcDbVisualStyle
  2
Brighten
 70
    12
177
     3
291
     1
 70
    58
 90
        2
176
     1
 90
        2
176
     1
 90
        0
176
     1
 90
        0
176
     1
 40
0.6
176
     1
 40
30.0
176
     1
 62
     7
420
 16777215
176
     1
 90
        1
176
     1
 90
        4
176
     1
 62
     7
176
     1
 62
   257
176
     1
 90
        1
176
     1
 90
        1
176
     1
 40
1.0
176
     1
 90
        8
176
     1
 62
     7
176
     1
 40
1.0
176
     1
 90
        1
176
     1
 90
        6
176
     1
 90
        2
176
     1
 62
     7
176
     1
 90
        5
176
     1
 90
        0
176
     1
 90
        0
176
     1
290
     0
176
     1
 90
        1
176
     1
 40
50.0
176
     1
 90
        0
176
     1
290
     0
176
     1
290
     1
176
     1
290
     1
176
     1
290
     0
176
     1
290
     0
176
     1
290
     0
176
     1
290
     0
176
     1
290
     0
176
     1
290
     0
176
     1
 90
       50
176
     1
 40
0.0
176
     1
 40
1.0
176
     1
 90
        0
176
     1
 62
    18
420
        0
176
     1
 90
       50
176
     1
 90
        3
176
     1
 62
     5
420
      255
176
     1
290
     0
176
     1
 90
       50
176
     1
 90
       50
176
     1
 90
       50
176
     1
290
     0
176
     1
 90
       50
176
     1
 62
   256
176
     0
 40
1.0
176
     0
 90
        2
176
     1
  1
strokes_ogs.tif
176
     1
290
     0
176
     1
 40
1.0
176
     1
 40
1.0
176
     1
  0
VISUALSTYLE
  5
3A
102
{ACAD_REACTORS
330
2A
102
}
330
2A
100
AcDbVisualStyle
  2
ColorChange
 70
    16
177
     3
291
     1
 70
    58
 90
        2
176
     1
 90
        2
176
     1
 90
        3
176
     1
 90
        0
176
     1
 40
0.6
176
     1
 40
30.0
176
     1
 62
     8
420
  8421504
176
     1
 90
        1
176
     1
 90
        4
176
     1
 62
     7
176
     1
 62
   257
176
     1
 90
        1
176
     1
 90
        1
176
     1
 40
1.0
176
     1
 90
        8
176
     1
 62
     8
420
  8421504
176
     1
 40
1.0
176
     1
 90
        1
176
     1
 90
        6
176
     1
 90
        2
176
     1
 62
     7
176
     1
 90
        5
176
     1
 90
        0
176
     1
 90
        0
176
     1
290
     0
176
     1
 90
        1
176
     1
 40
0.0
176
     1
 90
        0
176
     1
290
     0
176
     1
290
     1
176
     1
290
     1
176
     1
290
     0
176
     1
290
     0
176
     1
290
     0
176
     1
290
     0
176
     1
290
     0
176
     1
290
     0
176
     1
 90
       50
176
     1
 40
0.0
176
     1
 40
1.0
176
     1
 90
        0
176
     1
 62
    18
420
        0
176
     1
 90
       50
176
     1
 90
        3
176
     1
 62
     5
420
      255
176
     1
290
     0
176
     1
 90
       50
176
     1
 90
       50
176
     1
 90
       50
176
     1
290
     0
176
     1
 90
       50
176
     1
 62
   256
176
     0
 40
1.0
176
     0
 90
        2
176
     1
  1
strokes_ogs.tif
176
     1
290
     0
176
     1
 40
1.0
176
     1
 40
1.0
176
     1
  0
VISUALSTYLE
  5
34
102
{ACAD_REACTORS
330
2A
102
}
330
2A
100
AcDbVisualStyle
  2
Conceptual
 70
     9
177
     3
291
     0
 70
    58
 90
        3
176
     1
 90
        2
176
     1
 90
        0
176
     1
 90
        0
176
     1
 40
0.6
176
     1
 40
30.0
176
     1
 62
     7
420
 16777215
176
     1
 90
        2
176
     1
 90
        2
176
     1
 62
     7
176
     1
 62
   257
176
     1
 90
        1
176
     1
 90
        1
176
     1
 40
179.0
176
     1
 90
        8
176
     1
 62
     7
176
     1
 40
1.0
176
     1
 90
        1
176
     1
 90
        6
176
     1
 90
        2
176
     1
 62
     7
176
     1
 90
        3
176
     1
 90
        0
176
     1
 90
        0
176
     1
290
     0
176
     1
 90
        1
176
     1
 40
0.0
176
     1
 90
        0
176
     1
290
     0
176
     1
290
     1
176
     1
290
     1
176
     1
290
     0
176
     1
290
     0
176
     1
290
     0
176
     1
290
     0
176
     1
290
     0
176
     1
290
     0
176
     1
 90
       50
176
     1
 40
0.0
176
     1
 40
1.0
176
     1
 90
        0
176
     1
 62
    18
420
        0
176
     1
 90
       50
176
     1
 90
        3
176
     1
 62
     5
420
      255
176
     1
290
     0
176
     1
 90
       50
176
     1
 90
       50
176
     1
 90
       50
176
     1
290
     0
176
     1
 90
       50
176
     1
 62
   256
176
     0
 40
1.0
176
     0
 90
        2
176
     1
  1
strokes_ogs.tif
176
     1
290
     0
176
     1
 40
1.0
176
     1
 40
1.0
176
     1
  0
VISUALSTYLE
  5
35
102
{ACAD_REACTORS
330
2A
102
}
330
2A
100
AcDbVisualStyle
  2
Dim
 70
    11
177
     3
291
     1
 70
    58
 90
        2
176
     1
 90
        2
176
     1
 90
        0
176
     1
 90
        0
176
     1
 40
0.6
176
     1
 40
30.0
176
     1
 62
     7
420
 16777215
176
     1
 90
        1
176
     1
 90
        4
176
     1
 62
     7
176
     1
 62
   257
176
     1
 90
        1
176
     1
 90
        1
176
     1
 40
1.0
176
     1
 90
        8
176
     1
 62
     7
176
     1
 40
1.0
176
     1
 90
        1
176
     1
 90
        6
176
     1
 90
        2
176
     1
 62
     7
176
     1
 90
        5
176
     1
 90
        0
176
     1
 90
        0
176
     1
290
     0
176
     1
 90
        1
176
     1
 40
-50.0
176
     1
 90
        0
176
     1
290
     0
176
     1
290
     1
176
     1
290
     1
176
     1
290
     0
176
     1
290
     0
176
     1
290
     0
176
     1
290
     0
176
     1
290
     0
176
     1
290
     0
176
     1
 90
       50
176
     1
 40
0.0
176
     1
 40
1.0
176
     1
 90
        0
176
     1
 62
    18
420
        0
176
     1
 90
       50
176
     1
 90
        3
176
     1
 62
     5
420
      255
176
     1
290
     0
176
     1
 90
       50
176
     1
 90
       50
176
     1
 90
       50
176
     1
290
     0
176
     1
 90
       50
176
     1
 62
   256
176
     0
 40
1.0
176
     0
 90
        2
176
     1
  1
strokes_ogs.tif
176
     1
290
     0
176
     1
 40
1.0
176
     1
 40
1.0
176
     1
  0
VISUALSTYLE
  5
3D
102
{ACAD_REACTORS
330
2A
102
}
330
2A
100
AcDbVisualStyle
  2
EdgeColorOff
 70
    22
177
     3
291
     1
 70
    58
 90
        2
176
     0
 90
        2
176
     0
 90
        0
176
     0
 90
        0
176
     0
 40
0.6
176
     0
 40
30.0
176
     0
 62
     7
420
 16777215
176
     0
 90
        1
176
     0
 90
        4
176
     0
 62
     7
176
     0
 62
   257
176
     0
 90
        1
176
     0
 90
        1
176
     0
 40
1.0
176
     0
 90
        8
176
     2
 62
     7
176
     0
 40
1.0
176
     0
 90
        1
176
     0
 90
        6
176
     0
 90
        2
176
     0
 62
     7
176
     0
 90
        5
176
     0
 90
        0
176
     0
 90
        0
176
     0
290
     0
176
     0
 90
        1
176
     0
 40
0.0
176
     0
 90
        0
176
     0
290
     0
176
     0
290
     1
176
     0
290
     1
176
     0
290
     0
176
     0
290
     0
176
     0
290
     0
176
     0
290
     0
176
     0
290
     0
176
     0
290
     0
176
     0
 90
       50
176
     0
 40
0.0
176
     0
 40
1.0
176
     0
 90
        0
176
     0
 62
    18
420
        0
176
     0
 90
       50
176
     0
 90
        3
176
     0
 62
     5
420
      255
176
     0
290
     0
176
     0
 90
       50
176
     0
 90
       50
176
     0
 90
       50
176
     0
290
     0
176
     0
 90
       50
176
     0
 62
   256
176
     0
 40
1.0
176
     0
 90
        2
176
     0
  1
strokes_ogs.tif
176
     0
290
     0
176
     0
 40
1.0
176
     0
 40
1.0
176
     0
  0
VISUALSTYLE
  5
39
102
{ACAD_REACTORS
330
2A
102
}
330
2A
100
AcDbVisualStyle
  2
Facepattern
 70
    15
177
     3
291
     1
 70
    58
 90
        2
176
     1
 90
        2
176
     1
 90
        0
176
     1
 90
        0
176
     1
 40
0.6
176
     1
 40
30.0
176
     1
 62
     7
420
 16777215
176
     1
 90
        1
176
     1
 90
        4
176
     1
 62
     7
176
     1
 62
   257
176
     1
 90
        1
176
     1
 90
        1
176
     1
 40
1.0
176
     1
 90
        8
176
     1
 62
     7
176
     1
 40
1.0
176
     1
 90
        1
176
     1
 90
        6
176
     1
 90
        2
176
     1
 62
     7
176
     1
 90
        5
176
     1
 90
        0
176
     1
 90
        0
176
     1
290
     0
176
     1
 90
        1
176
     1
 40
0.0
176
     1
 90
        0
176
     1
290
     0
176
     1
290
     1
176
     1
290
     1
176
     1
290
     0
176
     1
290
     0
176
     1
290
     0
176
     1
290
     0
176
     1
290
     0
176
     1
290
     0
176
     1
 90
       50
176
     1
 40
0.0
176
     1
 40
1.0
176
     1
 90
        0
176
     1
 62
    18
420
        0
176
     1
 90
       50
176
     1
 90
        3
176
     1
 62
     5
420
      255
176
     1
290
     0
176
     1
 90
       50
176
     1
 90
       50
176
     1
 90
       50
176
     1
290
     0
176
     1
 90
       50
176
     1
 62
   256
176
     0
 40
1.0
176
     0
 90
        2
176
     1
  1
strokes_ogs.tif
176
     1
290
     0
176
     1
 40
1.0
176
     1
 40
1.0
176
     1
  0
VISUALSTYLE
  5
2B
102
{ACAD_REACTORS
330
2A
102
}
330
2A
100
AcDbVisualStyle
  2
Flat
 70
     0
177
     3
291
     1
 70
    58
 90
        2
176
     1
 90
        1
176
     1
 90
        1
176
     1
 90
        2
176
     1
 40
0.6
176
     1
 40
30.0
176
     1
 62
     7
420
 16777215
176
     1
 90
        0
176
     1
 90
        0
176
     1
 62
     7
176
     1
 62
   257
176
     1
 90
        1
176
     1
 90
        1
176
     1
 40
1.0
176
     1
 90
        8
176
     1
 62
     7
176
     1
 40
1.0
176
     1
 90
        1
176
     1
 90
        6
176
     1
 90
        2
176
     1
 62
     7
176
     1
 90
        5
176
     1
 90
        0
176
     1
 90
        0
176
     1
290
     0
176
     1
 90
       13
176
     1
 40
0.0
176
     1
 90
        0
176
     1
290
     0
176
     1
290
     1
176
     1
290
     1
176
     1
290
     0
176
     1
290
     0
176
     1
290
     0
176
     1
290
     0
176
     1
290
     0
176
     1
290
     0
176
     1
 90
       50
176
     1
 40
0.0
176
     1
 40
1.0
176
     1
 90
        0
176
     1
 62
    18
420
        0
176
     1
 90
       50
176
     1
 90
        3
176
     1
 62
     5
420
      255
176
     1
290
     0
176
     1
 90
       50
176
     1
 90
       50
176
     1
 90
       50
176
     1
290
     0
176
     1
 90
       50
176
     1
 62
   256
176
     0
 40
1.0
176
     0
 90
        2
176
     1
  1
strokes_ogs.tif
176
     1
290
     0
176
     1
 40
1.0
176
     1
 40
1.0
176
     1
  0
VISUALSTYLE
  5
2C
102
{ACAD_REACTORS
330
2A
102
}
330
2A
100
AcDbVisualStyle
  2
FlatWithEdges
 70
     1
177
     3
291
     1
 70
    58
 90
        2
176
     1
 90
        1
176
     1
 90
        1
176
     1
 90
        2
176
     1
 40
0.6
176
     1
 40
30.0
176
     1
 62
     7
420
 16777215
176
     1
 90
        1
176
     1
 90
        0
176
     1
 62
     7
176
     1
 62
   257
176
     1
 90
        1
176
     1
 90
        1
176
     1
 40
1.0
176
     1
 90
        0
176
     1
 62
   257
176
     1
 40
1.0
176
     1
 90
        1
176
     1
 90
        6
176
     1
 90
        2
176
     1
 62
     7
176
     1
 90
        5
176
     1
 90
        0
176
     1
 90
        0
176
     1
290
     0
176
     1
 90
       13
176
     1
 40
0.0
176
     1
 90
        0
176
     1
290
     0
176
     1
290
     1
176
     1
290
     1
176
     1
290
     0
176
     1
290
     0
176
     1
290
     0
176
     1
290
     0
176
     1
290
     0
176
     1
290
     0
176
     1
 90
       50
176
     1
 40
0.0
176
     1
 40
1.0
176
     1
 90
        0
176
     1
 62
    18
420
        0
176
     1
 90
       50
176
     1
 90
        3
176
     1
 62
     5
420
      255
176
     1
290
     0
176
     1
 90
       50
176
     1
 90
       50
176
     1
 90
       50
176
     1
290
     0
176
     1
 90
       50
176
     1
 62
   256
176
     0
 40
1.0
176
     0
 90
        2
176
     1
  1
strokes_ogs.tif
176
     1
290
     0
176
     1
 40
1.0
176
     1
 40
1.0
176
     1
  0
VISUALSTYLE
  5
2D
102
{ACAD_REACTORS
330
2A
102
}
330
2A
100
AcDbVisualStyle
  2
Gouraud
 70
     2
177
     3
291
     1
 70
    58
 90
        2
176
     1
 90
        2
176
     1
 90
        1
176
     1
 90
        2
176
     1
 40
0.6
176
     1
 40
30.0
176
     1
 62
     7
420
 16777215
176
     1
 90
        0
176
     1
 90
        0
176
     1
 62
     7
176
     1
 62
   257
176
     1
 90
        1
176
     1
 90
        1
176
     1
 40
1.0
176
     1
 90
        0
176
     1
 62
     7
176
     1
 40
1.0
176
     1
 90
        1
176
     1
 90
        6
176
     1
 90
        2
176
     1
 62
     7
176
     1
 90
        5
176
     1
 90
        0
176
     1
 90
        0
176
     1
290
     0
176
     1
 90
       13
176
     1
 40
0.0
176
     1
 90
        0
176
     1
290
     0
176
     1
290
     1
176
     1
290
     1
176
     1
290
     0
176
     1
290
     0
176
     1
290
     0
176
     1
290
     0
176
     1
290
     0
176
     1
290
     0
176
     1
 90
       50
176
     1
 40
0.0
176
     1
 40
1.0
176
     1
 90
        0
176
     1
 62
    18
420
        0
176
     1
 90
       50
176
     1
 90
        3
176
     1
 62
     5
420
      255
176
     1
290
     0
176
     1
 90
       50
176
     1
 90
       50
176
     1
 90
       50
176
     1
290
     0
176
     1
 90
       50
176
     1
 62
   256
176
     0
 40
1.0
176
     0
 90
        2
176
     1
  1
strokes_ogs.tif
176
     1
290
     0
176
     1
 40
1.0
176
     1
 40
1.0
176
     1
  0
VISUALSTYLE
  5
2E
102
{ACAD_REACTORS
330
2A
102
}
330
2A
100
AcDbVisualStyle
  2
GouraudWithEdges
 70
     3
177
     3
291
     1
 70
    58
 90
        2
176
     1
 90
        2
176
     1
 90
        1
176
     1
 90
        2
176
     1
 40
0.6
176
     1
 40
30.0
176
     1
 62
     7
420
 16777215
176
     1
 90
        1
176
     1
 90
        0
176
     1
 62
     7
176
     1
 62
   257
176
     1
 90
        1
176
     1
 90
        1
176
     1
 40
1.0
176
     1
 90
        0
176
     1
 62
   257
176
     1
 40
1.0
176
     1
 90
        1
176
     1
 90
        6
176
     1
 90
        2
176
     1
 62
     7
176
     1
 90
        5
176
     1
 90
        0
176
     1
 90
        0
176
     1
290
     0
176
     1
 90
       13
176
     1
 40
0.0
176
     1
 90
        0
176
     1
290
     0
176
     1
290
     1
176
     1
290
     1
176
     1
290
     0
176
     1
290
     0
176
     1
290
     0
176
     1
290
     0
176
     1
290
     0
176
     1
290
     0
176
     1
 90
       50
176
     1
 40
0.0
176
     1
 40
1.0
176
     1
 90
        0
176
     1
 62
    18
420
        0
176
     1
 90
       50
176
     1
 90
        3
176
     1
 62
     5
420
      255
176
     1
290
     0
176
     1
 90
       50
176
     1
 90
       50
176
     1
 90
       50
176
     1
290
     0
176
     1
 90
       50
176
     1
 62
   256
176
     0
 40
1.0
176
     0
 90
        2
176
     1
  1
strokes_ogs.tif
176
     1
290
     0
176
     1
 40
1.0
176
     1
 40
1.0
176
     1
  0
VISUALSTYLE
  5
31
102
{ACAD_REACTORS
330
2A
102
}
330
2A
100
AcDbVisualStyle
  2
Hidden
 70
     6
177
     3
291
     0
 70
    58
 90
        1
176
     1
 90
        2
176
     1
 90
        2
176
     1
 90
        0
176
     1
 40
0.6
176
     1
 40
30.0
176
     1
 62
     7
420
 16777215
176
     1
 90
        2
176
     1
 90
        2
176
     1
 62
     7
176
     1
 62
   257
176
     1
 90
        2
176
     1
 90
        1
176
     1
 40
40.0
176
     1
 90
        0
176
     1
 62
   257
176
     1
 40
1.0
176
     1
 90
        1
176
     1
 90
        6
176
     1
 90
        2
176
     1
 62
     7
176
     1
 90
        3
176
     1
 90
        0
176
     1
 90
        0
176
     1
290
     0
176
     1
 90
        1
176
     1
 40
0.0
176
     1
 90
        0
176
     1
290
     0
176
     1
290
     1
176
     1
290
     1
176
     1
290
     0
176
     1
290
     0
176
     1
290
     0
176
     1
290
     0
176
     1
290
     0
176
     1
290
     0
176
     1
 90
       50
176
     1
 40
0.0
176
     1
 40
1.0
176
     1
 90
        0
176
     1
 62
    18
420
        0
176
     1
 90
       50
176
     1
 90
        3
176
     1
 62
     5
420
      255
176
     1
290
     0
176
     1
 90
       50
176
     1
 90
       50
176
     1
 90
       50
176
     1
290
     0
176
     1
 90
       50
176
     1
 62
   256
176
     0
 40
1.0
176
     0
 90
        2
176
     1
  1
strokes_ogs.tif
176
     1
290
     0
176
     1
 40
1.0
176
     1
 40
1.0
176
     1
  0
VISUALSTYLE
  5
3B
102
{ACAD_REACTORS
330
2A
102
}
330
2A
100
AcDbVisualStyle
  2
JitterOff
 70
    20
177
     3
291
     1
 70
    58
 90
        2
176
     0
 90
        2
176
     0
 90
        0
176
     0
 90
        0
176
     0
 40
0.6
176
     0
 40
30.0
176
     0
 62
     7
420
 16777215
176
     0
 90
        1
176
     0
 90
        4
176
     0
 62
     7
176
     0
 62
   257
176
     0
 90
        1
176
     0
 90
        1
176
     0
 40
1.0
176
     0
 90
       10
176
     2
 62
     7
176
     0
 40
1.0
176
     0
 90
        1
176
     0
 90
        6
176
     0
 90
        2
176
     0
 62
     7
176
     0
 90
        5
176
     0
 90
        0
176
     0
 90
        0
176
     0
290
     0
176
     0
 90
        1
176
     0
 40
0.0
176
     0
 90
        0
176
     0
290
     0
176
     0
290
     1
176
     0
290
     1
176
     0
290
     0
176
     0
290
     0
176
     0
290
     0
176
     0
290
     0
176
     0
290
     0
176
     0
290
     0
176
     0
 90
       50
176
     0
 40
0.0
176
     0
 40
1.0
176
     0
 90
        0
176
     0
 62
    18
420
        0
176
     0
 90
       50
176
     0
 90
        3
176
     0
 62
     5
420
      255
176
     0
290
     0
176
     0
 90
       50
176
     0
 90
       50
176
     0
 90
       50
176
     0
290
     0
176
     0
 90
       50
176
     0
 62
   256
176
     0
 40
1.0
176
     0
 90
        2
176
     0
  1
strokes_ogs.tif
176
     0
290
     0
176
     0
 40
1.0
176
     0
 40
1.0
176
     0
  0
VISUALSTYLE
  5
38
102
{ACAD_REACTORS
330
2A
102
}
330
2A
100
AcDbVisualStyle
  2
Linepattern
 70
    14
177
     3
291
     1
 70
    58
 90
        2
176
     1
 90
        2
176
     1
 90
        0
176
     1
 90
        0
176
     1
 40
0.6
176
     1
 40
30.0
176
     1
 62
     7
420
 16777215
176
     1
 90
        1
176
     1
 90
        4
176
     1
 62
     7
176
     1
 62
   257
176
     1
 90
        7
176
     1
 90
        7
176
     1
 40
1.0
176
     1
 90
        8
176
     1
 62
     7
176
     1
 40
1.0
176
     1
 90
        1
176
     1
 90
        6
176
     1
 90
        2
176
     1
 62
     7
176
     1
 90
        5
176
     1
 90
        0
176
     1
 90
        0
176
     1
290
     0
176
     1
 90
        1
176
     1
 40
0.0
176
     1
 90
        0
176
     1
290
     0
176
     1
290
     1
176
     1
290
     1
176
     1
290
     0
176
     1
290
     0
176
     1
290
     0
176
     1
290
     0
176
     1
290
     0
176
     1
290
     0
176
     1
 90
       50
176
     1
 40
0.0
176
     1
 40
1.0
176
     1
 90
        0
176
     1
 62
    18
420
        0
176
     1
 90
       50
176
     1
 90
        3
176
     1
 62
     5
420
      255
176
     1
290
     0
176
     1
 90
       50
176
     1
 90
       50
176
     1
 90
       50
176
     1
290
     0
176
     1
 90
       50
176
     1
 62
   256
176
     0
 40
1.0
176
     0
 90
        2
176
     1
  1
strokes_ogs.tif
176
     1
290
     0
176
     1
 40
1.0
176
     1
 40
1.0
176
     1
  0
VISUALSTYLE
  5
3C
102
{ACAD_REACTORS
330
2A
102
}
330
2A
100
AcDbVisualStyle
  2
OverhangOff
 70
    21
177
     3
291
     1
 70
    58
 90
        2
176
     0
 90
        2
176
     0
 90
        0
176
     0
 90
        0
176
     0
 40
0.6
176
     0
 40
30.0
176
     0
 62
     7
420
 16777215
176
     0
 90
        1
176
     0
 90
        4
176
     0
 62
     7
176
     0
 62
   257
176
     0
 90
        1
176
     0
 90
        1
176
     0
 40
1.0
176
     0
 90
        9
176
     2
 62
     7
176
     0
 40
1.0
176
     0
 90
        1
176
     0
 90
        6
176
     0
 90
        2
176
     0
 62
     7
176
     0
 90
        5
176
     0
 90
        0
176
     0
 90
        0
176
     0
290
     0
176
     0
 90
        1
176
     0
 40
0.0
176
     0
 90
        0
176
     0
290
     0
176
     0
290
     1
176
     0
290
     1
176
     0
290
     0
176
     0
290
     0
176
     0
290
     0
176
     0
290
     0
176
     0
290
     0
176
     0
290
     0
176
     0
 90
       50
176
     0
 40
0.0
176
     0
 40
1.0
176
     0
 90
        0
176
     0
 62
    18
420
        0
176
     0
 90
       50
176
     0
 90
        3
176
     0
 62
     5
420
      255
176
     0
290
     0
176
     0
 90
       50
176
     0
 90
       50
176
     0
 90
       50
176
     0
290
     0
176
     0
 90
       50
176
     0
 62
   256
176
     0
 40
1.0
176
     0
 90
        2
176
     0
  1
strokes_ogs.tif
176
     0
290
     0
176
     0
 40
1.0
176
     0
 40
1.0
176
     0
  0
VISUALSTYLE
  5
33
102
{ACAD_REACTORS
330
2A
102
}
330
2A
100
AcDbVisualStyle
  2
Realistic
 70
     8
177
     3
291
     0
 70
    58
 90
        2
176
     1
 90
        3
176
     1
 90
        0
176
     1
 90
        2
176
     1
 40
0.6
176
     1
 40
30.0
176
     1
 62
     7
420
 16777215
176
     1
 90
        0
176
     1
 90
        0
176
     1
 62
     7
176
     1
 62
   257
176
     1
 90
        1
176
     1
 90
        1
176
     1
 40
1.0
176
     1
 90
        8
176
     1
 62
   257
176
     1
 40
1.0
176
     1
 90
        1
176
     1
 90
        6
176
     1
 90
        2
176
     1
 62
     7
176
     1
 90
        3
176
     1
 90
        0
176
     1
 90
        0
176
     1
290
     0
176
     1
 90
       13
176
     1
 40
0.0
176
     1
 90
        0
176
     1
290
     0
176
     1
290
     1
176
     1
290
     1
176
     1
290
     0
176
     1
290
     0
176
     1
290
     0
176
     1
290
     0
176
     1
290
     0
176
     1
290
     0
176
     1
 90
       50
176
     1
 40
0.0
176
     1
 40
1.0
176
     1
 90
        0
176
     1
 62
    18
420
        0
176
     1
 90
       50
176
     1
 90
        3
176
     1
 62
     5
420
      255
176
     1
290
     0
176
     1
 90
       50
176
     1
 90
       50
176
     1
 90
       50
176
     1
290
     0
176
     1
 90
       50
176
     1
 62
   256
176
     0
 40
1.0
176
     0
 90
        2
176
     1
  1
strokes_ogs.tif
176
     1
290
     0
176
     1
 40
1.0
176
     1
 40
1.0
176
     1
  0
VISUALSTYLE
  5
42
102
{ACAD_REACTORS
330
2A
102
}
330
2A
100
AcDbVisualStyle
  2
Shaded
 70
    27
177
     3
291
     0
 70
    58
 90
        2
176
     1
 90
        2
176
     1
 90
        1
176
     1
 90
        2
176
     1
 40
0.6
176
     1
 40
30.0
176
     1
 62
     7
420
 16777215
176
     1
 90
        0
176
     1
 90
        4
176
     1
 62
     7
176
     1
 62
   257
176
     1
 90
        1
176
     1
 90
        1
176
     1
 40
1.0
176
     1
 90
        8
176
     1
 62
   257
176
     1
 40
1.0
176
     1
 90
        1
176
     1
 90
        6
176
     1
 90
        2
176
     1
 62
     8
420
  7895160
176
     1
 90
        3
176
     1
 90
        0
176
     1
 90
        0
176
     1
290
     0
176
     1
 90
        5
176
     1
 40
0.0
176
     1
 90
        0
176
     1
290
     0
176
     1
290
     1
176
     1
290
     1
176
     1
290
     0
176
     1
290
     0
176
     1
290
     0
176
     1
290
     0
176
     1
290
     0
176
     1
290
     0
176
     1
 90
       50
176
     1
 40
0.0
176
     1
 40
1.0
176
     1
 90
        0
176
     1
 62
    18
420
        0
176
     1
 90
       50
176
     1
 90
        3
176
     1
 62
     5
420
      255
176
     1
290
     0
176
     1
 90
       50
176
     1
 90
       50
176
     1
 90
       50
176
     1
290
     0
176
     1
 90
       50
176
     1
 62
   256
176
     0
 40
1.0
176
     0
 90
        2
176
     1
  1
strokes_ogs.tif
176
     1
290
     0
176
     1
 40
1.0
176
     1
 40
1.0
176
     1
  0
VISUALSTYLE
  5
41
102
{ACAD_REACTORS
330
2A
102
}
330
2A
100
AcDbVisualStyle
  2
Shaded with edges
 70
    26
177
     3
291
     0
 70
    58
 90
        2
176
     1
 90
        2
176
     1
 90
        1
176
     1
 90
        2
176
     1
 40
0.6
176
     1
 40
30.0
176
     1
 62
     7
420
 16777215
176
     1
 90
        1
176
     1
 90
       10
176
     1
 62
     7
176
     1
 62
   257
176
     1
 90
        2
176
     1
 90
        1
176
     1
 40
1.0
176
     1
 90
        8
176
     1
 62
   257
176
     1
 40
1.0
176
     1
 90
        1
176
     1
 90
        6
176
     1
 90
        2
176
     1
 62
     7
176
     1
 90
        3
176
     1
 90
        0
176
     1
 90
        0
176
     1
290
     0
176
     1
 90
        5
176
     1
 40
0.0
176
     1
 90
        0
176
     1
290
     0
176
     1
290
     1
176
     1
290
     1
176
     1
290
     0
176
     1
290
     0
176
     1
290
     0
176
     1
290
     0
176
     1
290
     0
176
     1
290
     0
176
     1
 90
       50
176
     1
 40
0.0
176
     1
 40
1.0
176
     1
 90
        0
176
     1
 62
    18
420
        0
176
     1
 90
       50
176
     1
 90
        3
176
     1
 62
     5
420
      255
176
     1
290
     0
176
     1
 90
       50
176
     1
 90
       50
176
     1
 90
       50
176
     1
290
     0
176
     1
 90
       50
176
     1
 62
   256
176
     0
 40
1.0
176
     0
 90
        2
176
     1
  1
strokes_ogs.tif
176
     1
290
     0
176
     1
 40
1.0
176
     1
 40
1.0
176
     1
  0
VISUALSTYLE
  5
3E
102
{ACAD_REACTORS
330
2A
102
}
330
2A
100
AcDbVisualStyle
  2
Shades of Gray
 70
    23
177
     3
291
     0
 70
    58
 90
        2
176
     1
 90
        2
176
     1
 90
        3
176
     1
 90
        0
176
     1
 40
0.6
176
     1
 40
30.0
176
     1
 62
     7
420
 16777215
176
     1
 90
        2
176
     1
 90
        2
176
     1
 62
     7
176
     1
 62
     7
176
     1
 90
        1
176
     1
 90
        1
176
     1
 40
40.0
176
     1
 90
        8
176
     1
 62
     7
176
     1
 40
1.0
176
     1
 90
        1
176
     1
 90
        6
176
     1
 90
        2
176
     1
 62
     7
176
     1
 90
        3
176
     1
 90
        0
176
     1
 90
        0
176
     1
290
     0
176
     1
 90
        1
176
     1
 40
0.0
176
     1
 90
        0
176
     1
290
     0
176
     1
290
     1
176
     1
290
     1
176
     1
290
     0
176
     1
290
     0
176
     1
290
     0
176
     1
290
     0
176
     1
290
     0
176
     1
290
     0
176
     1
 90
       50
176
     1
 40
0.0
176
     1
 40
1.0
176
     1
 90
        0
176
     1
 62
    18
420
        0
176
     1
 90
       50
176
     1
 90
        3
176
     1
 62
     5
420
      255
176
     1
290
     0
176
     1
 90
       50
176
     1
 90
       50
176
     1
 90
       50
176
     1
290
     0
176
     1
 90
       50
176
     1
 62
   256
176
     0
 40
1.0
176
     0
 90
        2
176
     1
  1
strokes_ogs.tif
176
     1
290
     0
176
     1
 40
1.0
176
     1
 40
1.0
176
     1
  0
VISUALSTYLE
  5
3F
102
{ACAD_REACTORS
330
2A
102
}
330
2A
100
AcDbVisualStyle
  2
Sketchy
 70
    24
177
     3
291
     0
 70
    58
 90
        1
176
     1
 90
        2
176
     1
 90
        2
176
     1
 90
        0
176
     1
 40
0.6
176
     1
 40
30.0
176
     1
 62
     7
420
 16777215
176
     1
 90
        2
176
     1
 90
        2
176
     1
 62
     7
176
     1
 62
     7
176
     1
 90
        1
176
     1
 90
        1
176
     1
 40
40.0
176
     1
 90
       11
176
     1
 62
     7
176
     1
 40
1.0
176
     1
 90
        1
176
     1
 90
        6
176
     1
 90
        2
176
     1
 62
     7
176
     1
 90
        6
176
     1
 90
        0
176
     1
 90
        0
176
     1
290
     0
176
     1
 90
        1
176
     1
 40
0.0
176
     1
 90
        0
176
     1
290
     0
176
     1
290
     1
176
     1
290
     1
176
     1
290
     0
176
     1
290
     0
176
     1
290
     0
176
     1
290
     0
176
     1
290
     0
176
     1
290
     0
176
     1
 90
       50
176
     1
 40
0.0
176
     1
 40
1.0
176
     1
 90
        0
176
     1
 62
    18
420
        0
176
     1
 90
       50
176
     1
 90
        3
176
     1
 62
     5
420
      255
176
     1
290
     0
176
     1
 90
       50
176
     1
 90
       50
176
     1
 90
       50
176
     1
290
     0
176
     1
 90
       50
176
     1
 62
   256
176
     0
 40
1.0
176
     0
 90
        2
176
     1
  1
strokes_ogs.tif
176
     1
290
     0
176
     1
 40
1.0
176
     1
 40
1.0
176
     1
  0
VISUALSTYLE
  5
37
102
{ACAD_REACTORS
330
2A
102
}
330
2A
100
AcDbVisualStyle
  2
Thicken
 70
    13
177
     3
291
     1
 70
    58
 90
        2
176
     1
 90
        2
176
     1
 90
        0
176
     1
 90
        0
176
     1
 40
0.6
176
     1
 40
30.0
176
     1
 62
     7
420
 16777215
176
     1
 90
        1
176
     1
 90
        4
176
     1
 62
     7
176
     1
 62
   257
176
     1
 90
        1
176
     1
 90
        1
176
     1
 40
1.0
176
     1
 90
       12
176
     1
 62
     7
176
     1
 40
1.0
176
     1
 90
        1
176
     1
 90
        6
176
     1
 90
        2
176
     1
 62
     7
176
     1
 90
        5
176
     1
 90
        0
176
     1
 90
        0
176
     1
290
     0
176
     1
 90
        1
176
     1
 40
0.0
176
     1
 90
        0
176
     1
290
     0
176
     1
290
     1
176
     1
290
     1
176
     1
290
     0
176
     1
290
     0
176
     1
290
     0
176
     1
290
     0
176
     1
290
     0
176
     1
290
     0
176
     1
 90
       50
176
     1
 40
0.0
176
     1
 40
1.0
176
     1
 90
        0
176
     1
 62
    18
420
        0
176
     1
 90
       50
176
     1
 90
        3
176
     1
 62
     5
420
      255
176
     1
290
     0
176
     1
 90
       50
176
     1
 90
       50
176
     1
 90
       50
176
     1
290
     0
176
     1
 90
       50
176
     1
 62
   256
176
     0
 40
1.0
176
     0
 90
        2
176
     1
  1
strokes_ogs.tif
176
     1
290
     0
176
     1
 40
1.0
176
     1
 40
1.0
176
     1
  0
VISUALSTYLE
  5
30
102
{ACAD_REACTORS
330
2A
102
}
330
2A
100
AcDbVisualStyle
  2
Wireframe
 70
     5
177
     3
291
     0
 70
    58
 90
        0
176
     1
 90
        2
176
     1
 90
        0
176
     1
 90
        0
176
     1
 40
0.6
176
     1
 40
30.0
176
     1
 62
     7
420
 16777215
176
     1
 90
        1
176
     1
 90
        4
176
     1
 62
     7
176
     1
 62
   257
176
     1
 90
        1
176
     1
 90
        1
176
     1
 40
1.0
176
     1
 90
        0
176
     1
 62
   257
176
     1
 40
1.0
176
     1
 90
        1
176
     1
 90
        6
176
     1
 90
        2
176
     1
 62
     7
176
     1
 90
        3
176
     1
 90
        0
176
     1
 90
        0
176
     1
290
     0
176
     1
 90
        1
176
     1
 40
0.0
176
     1
 90
        0
176
     1
290
     0
176
     1
290
     1
176
     1
290
     1
176
     1
290
     0
176
     1
290
     0
176
     1
290
     0
176
     1
290
     0
176
     1
290
     0
176
     1
290
     0
176
     1
 90
       50
176
     1
 40
0.0
176
     1
 40
1.0
176
     1
 90
        0
176
     1
 62
    18
420
        0
176
     1
 90
       50
176
     1
 90
        3
176
     1
 62
     5
420
      255
176
     1
290
     0
176
     1
 90
       50
176
     1
 90
       50
176
     1
 90
       50
176
     1
290
     0
176
     1
 90
       50
176
     1
 62
   256
176
     0
 40
1.0
176
     0
 90
        2
176
     1
  1
strokes_ogs.tif
176
     1
290
     0
176
     1
 40
1.0
176
     1
 40
1.0
176
     1
  0
VISUALSTYLE
  5
40
102
{ACAD_REACTORS
330
2A
102
}
330
2A
100
AcDbVisualStyle
  2
X-Ray
 70
    25
177
     3
291
     0
 70
    58
 90
        2
176
     1
 90
        2
176
     1
 90
        1
176
     1
 90
        1
176
     1
 40
0.5
176
     1
 40
30.0
176
     1
 62
     7
420
 16777215
176
     1
 90
        1
176
     1
 90
        0
176
     1
 62
     7
176
     1
 62
   257
176
     1
 90
        1
176
     1
 90
        1
176
     1
 40
1.0
176
     1
 90
        8
176
     1
 62
     7
176
     1
 40
1.0
176
     1
 90
        1
176
     1
 90
        6
176
     1
 90
        2
176
     1
 62
     7
176
     1
 90
        3
176
     1
 90
        0
176
     1
 90
        0
176
     1
290
     0
176
     1
 90
       13
176
     1
 40
0.0
176
     1
 90
        0
176
     1
290
     0
176
     1
290
     1
176
     1
290
     1
176
     1
290
     0
176
     1
290
     0
176
     1
290
     0
176
     1
290
     0
176
     1
290
     0
176
     1
290
     0
176
     1
 90
       50
176
     1
 40
0.0
176
     1
 40
1.0
176
     1
 90
        0
176
     1
 62
    18
420
        0
176
     1
 90
       50
176
     1
 90
        3
176
     1
 62
     5
420
      255
176
     1
290
     0
176
     1
 90
       50
176
     1
 90
       50
176
     1
 90
       50
176
     1
290
     0
176
     1
 90
       50
176
     1
 62
   256
176
     0
 40
1.0
176
     0
 90
        2
176
     1
  1
strokes_ogs.tif
176
     1
290
     0
176
     1
 40
1.0
176
     1
 40
1.0
176
     1
  0
DICTIONARYVAR
  5
424
102
{ACAD_REACTORS
330
423
102
}
330
423
100
DictionaryVariables
280
     0
  1
1:1
  0
DICTIONARYVAR
  5
429
102
{ACAD_REACTORS
330
423
102
}
330
423
100
DictionaryVariables
280
     0
  1
Standard
  0
DICTIONARYVAR
  5
428
102
{ACAD_REACTORS
330
423
102
}
330
423
100
DictionaryVariables
280
     0
  1
Standard
  0
DICTIONARYVAR
  5
42A
102
{ACAD_REACTORS
330
423
102
}
330
423
100
DictionaryVariables
280
     0
  1
0
  0
DICTIONARY
  5
425
330
6A
100
AcDbDictionary
280
     1
281
     1
  3
ACAD_ROUNDTRIP_2008_TABLESTYLE_CELLSTYLEMAP
360
426
  0
CELLSTYLEMAP
  5
426
102
{ACAD_REACTORS
330
425
102
}
330
425
100
AcDbCellStyleMap
 90
        3
300
CELLSTYLE
  1
TABLEFORMAT_BEGIN
 90
        5
170
     1
 91
        0
 92
    32768
 62
   257
 93
        1
300
CONTENTFORMAT
  1
CONTENTFORMAT_BEGIN
 90
        0
 91
        0
 92
        4
 93
        0
300

 40
0.0
140
1.0
 94
        5
 62
     0
340
11
144
0.25
309
CONTENTFORMAT_END
171
     1
301
MARGIN
  1
CELLMARGIN_BEGIN
 40
0.06
 40
0.06
 40
0.06
 40
0.06
 40
0.06
 40
0.06
309
CELLMARGIN_END
 94
        6
 95
        1
302
GRIDFORMAT
  1
GRIDFORMAT_BEGIN
 90
        0
 91
        1
 62
     0
 92
       -2
340
14
 93
        0
 40
0.045
309
GRIDFORMAT_END
 95
        2
302
GRIDFORMAT
  1
GRIDFORMAT_BEGIN
 90
        0
 91
        1
 62
     0
 92
       -2
340
14
 93
        0
 40
0.045
309
GRIDFORMAT_END
 95
        4
302
GRIDFORMAT
  1
GRIDFORMAT_BEGIN
 90
        0
 91
        1
 62
     0
 92
       -2
340
14
 93
        0
 40
0.045
309
GRIDFORMAT_END
 95
        8
302
GRIDFORMAT
  1
GRIDFORMAT_BEGIN
 90
        0
 91
        1
 62
     0
 92
       -2
340
14
 93
        0
 40
0.045
309
GRIDFORMAT_END
 95
       16
302
GRIDFORMAT
  1
GRIDFORMAT_BEGIN
 90
        0
 91
        1
 62
     0
 92
       -2
340
14
 93
        0
 40
0.045
309
GRIDFORMAT_END
 95
       32
302
GRIDFORMAT
  1
GRIDFORMAT_BEGIN
 90
        0
 91
        1
 62
     0
 92
       -2
340
14
 93
        0
 40
0.045
309
GRIDFORMAT_END
309
TABLEFORMAT_END
  1
CELLSTYLE_BEGIN
 90
        1
 91
        1
300
_TITLE
309
CELLSTYLE_END
300
CELLSTYLE
  1
TABLEFORMAT_BEGIN
 90
        5
170
     1
 91
        0
 92
        0
 62
   257
 93
        1
300
CONTENTFORMAT
  1
CONTENTFORMAT_BEGIN
 90
        0
 91
        0
 92
        4
 93
        0
300

 40
0.0
140
1.0
 94
        5
 62
     0
340
11
144
0.18
309
CONTENTFORMAT_END
171
     1
301
MARGIN
  1
CELLMARGIN_BEGIN
 40
0.06
 40
0.06
 40
0.06
 40
0.06
 40
0.06
 40
0.06
309
CELLMARGIN_END
 94
        6
 95
        1
302
GRIDFORMAT
  1
GRIDFORMAT_BEGIN
 90
        0
 91
        1
 62
     0
 92
       -2
340
14
 93
        0
 40
0.045
309
GRIDFORMAT_END
 95
        2
302
GRIDFORMAT
  1
GRIDFORMAT_BEGIN
 90
        0
 91
        1
 62
     0
 92
       -2
340
14
 93
        0
 40
0.045
309
GRIDFORMAT_END
 95
        4
302
GRIDFORMAT
  1
GRIDFORMAT_BEGIN
 90
        0
 91
        1
 62
     0
 92
       -2
340
14
 93
        0
 40
0.045
309
GRIDFORMAT_END
 95
        8
302
GRIDFORMAT
  1
GRIDFORMAT_BEGIN
 90
        0
 91
        1
 62
     0
 92
       -2
340
14
 93
        0
 40
0.045
309
GRIDFORMAT_END
 95
       16
302
GRIDFORMAT
  1
GRIDFORMAT_BEGIN
 90
        0
 91
        1
 62
     0
 92
       -2
340
14
 93
        0
 40
0.045
309
GRIDFORMAT_END
 95
       32
302
GRIDFORMAT
  1
GRIDFORMAT_BEGIN
 90
        0
 91
        1
 62
     0
 92
       -2
340
14
 93
        0
 40
0.045
309
GRIDFORMAT_END
309
TABLEFORMAT_END
  1
CELLSTYLE_BEGIN
 90
        2
 91
        1
300
_HEADER
309
CELLSTYLE_END
300
CELLSTYLE
  1
TABLEFORMAT_BEGIN
 90
        5
170
     1
 91
        0
 92
        0
 62
   257
 93
        1
300
CONTENTFORMAT
  1
CONTENTFORMAT_BEGIN
 90
        0
 91
        0
 92
        4
 93
        0
300

 40
0.0
140
1.0
 94
        2
 62
     0
340
11
144
0.18
309
CONTENTFORMAT_END
171
     1
301
MARGIN
  1
CELLMARGIN_BEGIN
 40
0.06
 40
0.06
 40
0.06
 40
0.06
 40
0.06
 40
0.06
309
CELLMARGIN_END
 94
        6
 95
        1
302
GRIDFORMAT
  1
GRIDFORMAT_BEGIN
 90
        0
 91
        1
 62
     0
 92
       -2
340
14
 93
        0
 40
0.045
309
GRIDFORMAT_END
 95
        2
302
GRIDFORMAT
  1
GRIDFORMAT_BEGIN
 90
        0
 91
        1
 62
     0
 92
       -2
340
14
 93
        0
 40
0.045
309
GRIDFORMAT_END
 95
        4
302
GRIDFORMAT
  1
GRIDFORMAT_BEGIN
 90
        0
 91
        1
 62
     0
 92
       -2
340
14
 93
        0
 40
0.045
309
GRIDFORMAT_END
 95
        8
302
GRIDFORMAT
  1
GRIDFORMAT_BEGIN
 90
        0
 91
        1
 62
     0
 92
       -2
340
14
 93
        0
 40
0.045
309
GRIDFORMAT_END
 95
       16
302
GRIDFORMAT
  1
GRIDFORMAT_BEGIN
 90
        0
 91
        1
 62
     0
 92
       -2
340
14
 93
        0
 40
0.045
309
GRIDFORMAT_END
 95
       32
302
GRIDFORMAT
  1
GRIDFORMAT_BEGIN
 90
        0
 91
        1
 62
     0
 92
       -2
340
14
 93
        0
 40
0.045
309
GRIDFORMAT_END
309
TABLEFORMAT_END
  1
CELLSTYLE_BEGIN
 90
        3
 91
        2
300
_DATA
309
CELLSTYLE_END
  0
ENDSEC
  0
EOF
